letter,octave,velocity,time_on,time_off,duration,note_number
E,5,127,2280,2400,120,64
A,5,127,2400,3360,960,69
A,5,127,4320,5220,900,69
E,5,127,8040,8070,30,64
A,5,127,8160,8610,450,69
C,6,127,9960,9990,30,72
B,5,127,10020,10050,30,71
A,5,127,10080,10530,450,69
E,5,127,11880,11910,30,64
A,5,127,12000,12450,450,69
C,6,127,13800,13830,30,72
B,5,127,13860,13890,30,71
A,5,127,13920,14370,450,69
E,5,127,15720,15750,30,64
A,5,127,15840,16290,450,69
C,6,127,19560,19590,30,72
B,5,127,19620,19650,30,71
A,5,127,19680,20130,450,69
E,5,127,21480,21510,30,64
A,5,127,21600,22050,450,69
C,6,127,23400,23430,30,72
B,5,127,23460,23490,30,71
A,5,127,23520,23970,450,69
E,5,127,25320,25350,30,64
A,5,127,25440,25890,450,69
C,6,127,27240,27270,30,72
B,5,127,27300,27330,30,71
A,5,127,27360,27810,450,69
E,5,127,29160,29190,30,64
A,5,127,29280,29730,450,69
C,6,127,33000,33030,30,72
B,5,127,33060,33090,30,71
A,5,127,33120,33570,450,69
E,5,127,34920,34950,30,64
A,5,127,35040,35490,450,69
C,6,127,36840,36870,30,72
B,5,127,36900,36930,30,71
A,5,127,36960,37410,450,69
E,5,127,38760,38790,30,64
A,5,127,38880,39330,450,69
C,6,127,40680,40710,30,72
B,5,127,40740,40770,30,71
A,5,127,40800,41250,450,69
E,5,127,42600,42630,30,64
A,5,127,42720,43170,450,69
C,6,127,46440,46470,30,72
B,5,127,46500,46530,30,71
A,5,127,46560,47010,450,69
E,5,127,48360,48390,30,64
A,5,127,48480,48930,450,69
B,2,127,960,1080,120,35
A,2,127,1200,1380,180,33
C,3,127,1440,1695,255,36
A,2,127,1680,1920,240,33
E,2,127,2040,2160,120,28
A,2,127,2160,2385,225,33
A,2,127,2400,2640,240,33
B,2,127,2640,2865,225,35
B,2,127,2880,3000,120,35
D,3,127,3000,3060,60,38
C,3,127,3060,3120,60,36
A,2,127,3120,3300,180,33
E,2,127,3300,3360,60,28
C,3,127,3360,3615,255,36
A,2,127,3600,3840,240,33
G#,2,127,3840,3960,120,32
E,2,127,3960,4080,120,28
A,2,127,4080,4305,225,33
A,2,127,4320,4560,240,33
B,2,127,4560,4785,225,35
B,2,127,4800,4920,120,35
D,3,127,4920,4980,60,38
C,3,127,4980,5040,60,36
A,2,127,5040,5220,180,33
E,2,127,5220,5280,60,28
C,3,127,5280,5535,255,36
A,2,127,5520,5760,240,33
G#,2,127,5760,5880,120,32
E,2,127,5880,6000,120,28
A,2,127,6000,6225,225,33
A,2,127,6240,6480,240,33
B,2,127,6480,6705,225,35
B,2,127,6720,6840,120,35
D,3,127,6840,6900,60,38
C,3,127,6900,6960,60,36
A,2,127,6960,7140,180,33
E,2,127,7140,7200,60,28
C,3,127,7200,7455,255,36
A,2,127,7440,7680,240,33
G#,2,127,7680,7800,120,32
E,2,127,7800,7920,120,28
A,2,127,7920,8145,225,33
A,2,127,8160,8400,240,33
B,2,127,8400,8640,240,35
B,2,127,8640,8760,120,35
D,3,127,8760,8820,60,38
C,3,127,8820,8880,60,36
A,2,127,8880,9060,180,33
E,2,127,9060,9120,60,28
C,3,127,9120,9390,270,36
A,2,127,9360,9600,240,33
G#,2,127,9600,9720,120,32
E,2,127,9720,9840,120,28
A,2,127,9840,10080,240,33
A,2,127,10080,10320,240,33
B,2,127,10320,10560,240,35
B,2,127,10560,10680,120,35
D,3,127,10680,10740,60,38
C,3,127,10740,10800,60,36
A,2,127,10800,10980,180,33
E,2,127,10980,11040,60,28
C,3,127,11040,11310,270,36
A,2,127,11280,11520,240,33
G#,2,127,11520,11640,120,32
E,2,127,11640,11760,120,28
A,2,127,11760,12000,240,33
A,2,127,12000,12240,240,33
B,2,127,12240,12480,240,35
B,2,127,12480,12600,120,35
D,3,127,12600,12660,60,38
C,3,127,12660,12720,60,36
A,2,127,12720,12900,180,33
E,2,127,12900,12960,60,28
C,3,127,12960,13230,270,36
A,2,127,13200,13440,240,33
G#,2,127,13440,13560,120,32
E,2,127,13560,13680,120,28
A,2,127,13680,13920,240,33
A,2,127,13920,14160,240,33
B,2,127,14160,14400,240,35
B,2,127,14400,14520,120,35
D,3,127,14520,14580,60,38
C,3,127,14580,14640,60,36
A,2,127,14640,14820,180,33
E,2,127,14820,14880,60,28
C,3,127,14880,15150,270,36
A,2,127,15120,15360,240,33
G#,2,127,15360,15480,120,32
E,2,127,15480,15600,120,28
A,2,127,15600,15840,240,33
A,2,127,15840,16080,240,33
B,2,127,16080,16320,240,35
B,2,127,16320,16440,120,35
D,3,127,16440,16500,60,38
C,3,127,16500,16560,60,36
A,2,127,16560,16740,180,33
E,2,127,16740,16800,60,28
C,3,127,16800,17070,270,36
A,2,127,17040,17280,240,33
G#,2,127,17280,17400,120,32
E,2,127,17400,17520,120,28
A,2,127,17520,17760,240,33
A,2,127,17760,18000,240,33
B,2,127,18000,18240,240,35
B,2,127,18240,18360,120,35
D,3,127,18360,18420,60,38
C,3,127,18420,18480,60,36
A,2,127,18480,18660,180,33
E,2,127,18660,18720,60,28
C,3,127,18720,18990,270,36
A,2,127,18960,19200,240,33
G#,2,127,19200,19320,120,32
E,2,127,19320,19440,120,28
A,2,127,19440,19680,240,33
A,2,127,19680,19920,240,33
B,2,127,19920,20160,240,35
B,2,127,20160,20280,120,35
D,3,127,20280,20340,60,38
C,3,127,20340,20400,60,36
A,2,127,20400,20580,180,33
E,2,127,20580,20640,60,28
C,3,127,20640,20910,270,36
A,2,127,20880,21120,240,33
G#,2,127,21120,21240,120,32
E,2,127,21240,21360,120,28
A,2,127,21360,21600,240,33
A,2,127,21600,21840,240,33
B,2,127,21840,22080,240,35
B,2,127,22080,22200,120,35
D,3,127,22200,22260,60,38
C,3,127,22260,22320,60,36
A,2,127,22320,22500,180,33
E,2,127,22500,22560,60,28
C,3,127,22560,22830,270,36
A,2,127,22800,23040,240,33
G#,2,127,23040,23160,120,32
E,2,127,23160,23280,120,28
A,2,127,23280,23520,240,33
A,2,127,23520,23760,240,33
B,2,127,23760,24000,240,35
B,2,127,24000,24120,120,35
D,3,127,24120,24180,60,38
C,3,127,24180,24240,60,36
A,2,127,24240,24420,180,33
E,2,127,24420,24480,60,28
C,3,127,24480,24750,270,36
A,2,127,24720,24960,240,33
G#,2,127,24960,25080,120,32
E,2,127,25080,25200,120,28
A,2,127,25200,25440,240,33
A,2,127,25440,25680,240,33
B,2,127,25680,25920,240,35
B,2,127,25920,26040,120,35
D,3,127,26040,26100,60,38
C,3,127,26100,26160,60,36
A,2,127,26160,26340,180,33
E,2,127,26340,26400,60,28
C,3,127,26400,26670,270,36
A,2,127,26640,26880,240,33
G#,2,127,26880,27000,120,32
E,2,127,27000,27120,120,28
A,2,127,27120,27360,240,33
A,2,127,27360,27600,240,33
B,2,127,27600,27840,240,35
B,2,127,27840,27960,120,35
D,3,127,27960,28020,60,38
C,3,127,28020,28080,60,36
A,2,127,28080,28260,180,33
E,2,127,28260,28320,60,28
C,3,127,28320,28590,270,36
A,2,127,28560,28800,240,33
G#,2,127,28800,28920,120,32
E,2,127,28920,29040,120,28
A,2,127,29040,29280,240,33
A,2,127,29280,29520,240,33
B,2,127,29520,29760,240,35
B,2,127,29760,29880,120,35
D,3,127,29880,29940,60,38
C,3,127,29940,30000,60,36
A,2,127,30000,30180,180,33
E,2,127,30180,30240,60,28
C,3,127,30240,30510,270,36
A,2,127,30480,30720,240,33
G#,2,127,30720,30840,120,32
E,2,127,30840,30960,120,28
A,2,127,30960,31200,240,33
A,2,127,31200,31440,240,33
B,2,127,31440,31680,240,35
B,2,127,31680,31800,120,35
D,3,127,31800,31860,60,38
C,3,127,31860,31920,60,36
A,2,127,31920,32100,180,33
E,2,127,32100,32160,60,28
C,3,127,32160,32430,270,36
A,2,127,32400,32640,240,33
G#,2,127,32640,32760,120,32
E,2,127,32760,32880,120,28
A,2,127,32880,33120,240,33
A,2,127,33120,33360,240,33
B,2,127,33360,33600,240,35
B,2,127,33600,33720,120,35
D,3,127,33720,33780,60,38
C,3,127,33780,33840,60,36
A,2,127,33840,34020,180,33
E,2,127,34020,34080,60,28
C,3,127,34080,34350,270,36
A,2,127,34320,34560,240,33
G#,2,127,34560,34680,120,32
E,2,127,34680,34800,120,28
A,2,127,34800,35040,240,33
A,2,127,35040,35280,240,33
B,2,127,35280,35520,240,35
B,2,127,35520,35640,120,35
D,3,127,35640,35700,60,38
C,3,127,35700,35760,60,36
A,2,127,35760,35940,180,33
E,2,127,35940,36000,60,28
C,3,127,36000,36270,270,36
A,2,127,36240,36480,240,33
G#,2,127,36480,36600,120,32
E,2,127,36600,36720,120,28
A,2,127,36720,36960,240,33
A,2,127,36960,37200,240,33
B,2,127,37200,37440,240,35
B,2,127,37440,37560,120,35
D,3,127,37560,37620,60,38
C,3,127,37620,37680,60,36
A,2,127,37680,37860,180,33
E,2,127,37860,37920,60,28
C,3,127,37920,38190,270,36
A,2,127,38160,38400,240,33
G#,2,127,38400,38520,120,32
E,2,127,38520,38640,120,28
A,2,127,38640,38880,240,33
A,2,127,38880,39120,240,33
B,2,127,39120,39360,240,35
B,2,127,39360,39480,120,35
D,3,127,39480,39540,60,38
C,3,127,39540,39600,60,36
A,2,127,39600,39780,180,33
E,2,127,39780,39840,60,28
C,3,127,39840,40110,270,36
A,2,127,40080,40320,240,33
G#,2,127,40320,40440,120,32
E,2,127,40440,40560,120,28
A,2,127,40560,40800,240,33
A,2,127,40800,41040,240,33
B,2,127,41040,41280,240,35
B,2,127,41280,41400,120,35
D,3,127,41400,41460,60,38
C,3,127,41460,41520,60,36
A,2,127,41520,41700,180,33
E,2,127,41700,41760,60,28
C,3,127,41760,42030,270,36
A,2,127,42000,42240,240,33
G#,2,127,42240,42360,120,32
E,2,127,42360,42480,120,28
A,2,127,42480,42720,240,33
A,2,127,42720,42960,240,33
B,2,127,42960,43200,240,35
B,2,127,43200,43320,120,35
D,3,127,43320,43380,60,38
C,3,127,43380,43440,60,36
A,2,127,43440,43620,180,33
E,2,127,43620,43680,60,28
C,3,127,43680,43950,270,36
A,2,127,43920,44160,240,33
G#,2,127,44160,44280,120,32
E,2,127,44280,44400,120,28
A,2,127,44400,44640,240,33
A,2,127,44640,44880,240,33
B,2,127,44880,45120,240,35
B,2,127,45120,45240,120,35
D,3,127,45240,45300,60,38
C,3,127,45300,45360,60,36
A,2,127,45360,45540,180,33
E,2,127,45540,45600,60,28
C,3,127,45600,45870,270,36
A,2,127,45840,46080,240,33
G#,2,127,46080,46200,120,32
E,2,127,46200,46320,120,28
A,2,127,46320,46560,240,33
A,2,127,46560,46800,240,33
B,2,127,46800,47040,240,35
B,2,127,47040,47160,120,35
D,3,127,47160,47220,60,38
C,3,127,47220,47280,60,36
A,2,127,47280,47460,180,33
E,2,127,47460,47520,60,28
C,3,127,47520,47790,270,36
A,2,127,47760,48000,240,33
G#,2,127,48000,48120,120,32
E,2,127,48120,48240,120,28
A,2,127,48240,48480,240,33
A,2,127,48480,48720,240,33
B,2,112,48720,48960,240,35
B,2,96,48960,49080,120,35
D,3,88,49080,49140,60,38
C,3,84,49140,49200,60,36
A,2,80,49200,49380,180,33
E,2,68,49380,49440,60,28
C,3,64,49440,49710,270,36
A,2,49,49680,49920,240,33
G#,2,33,49920,50040,120,32
E,2,25,50040,50160,120,28
A,2,17,50160,50400,240,33
E,5,127,570,630,60,64
A,4,127,630,660,30,57
C,5,127,660,690,30,60
F,5,127,810,900,90,65
B,4,127,900,930,30,59
D,5,127,930,990,60,62
G#,4,127,990,1020,30,56
B,4,127,1020,1050,30,59
D,5,127,1050,1110,60,62
G#,4,127,1110,1140,30,56
B,4,127,1140,1170,30,59
E,5,127,1170,1230,60,64
A,4,127,1230,1260,30,57
C,5,127,1260,1290,30,60
E,5,127,1290,1350,60,64
A,4,127,1380,1410,30,57
C,5,127,1410,1470,60,60
E,4,127,1470,1500,30,52
A,4,127,1500,1530,30,57
C,5,127,1530,1590,60,60
E,4,127,1590,1620,30,52
A,4,127,1620,1650,30,57
D,5,127,1650,1710,60,62
G#,4,127,1710,1740,30,56
B,4,127,1740,1770,30,59
D,5,127,1770,1830,60,62
E,4,127,1830,1860,30,52
G#,4,127,1860,1890,30,56
B,4,127,1890,1950,60,59
E,4,127,1950,1980,30,52
G#,4,127,1980,2010,30,56
B,4,127,2010,2070,60,59
E,4,127,2070,2100,30,52
G#,4,127,2100,2130,30,56
A,4,127,2130,2190,60,57
E,4,127,2190,2220,30,52
G#,4,127,2220,2250,30,56
A,4,127,2250,2310,60,57
A,4,127,2310,2340,30,57
C,5,127,2340,2370,30,60
E,5,127,2370,2430,60,64
A,4,127,2430,2460,30,57
C,5,127,2460,2490,30,60
E,5,127,2490,2550,60,64
A,4,127,2550,2580,30,57
C,5,127,2580,2610,30,60
F,5,127,2610,2670,60,65
B,4,127,2670,2700,30,59
D,5,127,2700,2730,30,62
G#,4,127,2790,2820,30,56
F,5,127,2730,2820,90,65
B,4,127,2820,2850,30,59
D,5,127,2850,2910,60,62
G#,4,127,2910,2940,30,56
B,4,127,2940,2970,30,59
D,5,127,2970,3030,60,62
G#,4,127,3030,3060,30,56
B,4,127,3060,3090,30,59
E,5,127,3090,3150,60,64
A,4,127,3150,3180,30,57
C,5,127,3180,3210,30,60
E,5,127,3210,3270,60,64
E,4,127,3270,3300,30,52
A,4,127,3300,3330,30,57
C,5,127,3330,3390,60,60
E,4,127,3390,3420,30,52
A,4,127,3420,3450,30,57
C,5,127,3450,3510,60,60
E,4,127,3510,3540,30,52
A,4,127,3540,3570,30,57
D,5,127,3570,3630,60,62
G#,4,127,3630,3660,30,56
B,4,127,3660,3690,30,59
D,5,127,3690,3750,60,62
E,4,127,3750,3780,30,52
G#,4,127,3780,3810,30,56
B,4,127,3810,3870,60,59
E,4,127,3870,3900,30,52
G#,4,127,3900,3930,30,56
B,4,127,3930,3990,60,59
E,4,127,3990,4020,30,52
G#,4,127,4020,4050,30,56
A,4,127,4050,4110,60,57
E,4,127,4110,4140,30,52
G#,4,127,4140,4170,30,56
A,4,127,4170,4230,60,57
A,4,127,4230,4260,30,57
C,5,127,4260,4290,30,60
E,5,127,4290,4350,60,64
A,4,127,4350,4380,30,57
C,5,127,4380,4410,30,60
E,5,127,4410,4470,60,64
A,4,127,4470,4500,30,57
C,5,127,4500,4530,30,60
F,5,127,4530,4590,60,65
B,4,127,4590,4620,30,59
D,5,127,4620,4650,30,62
G#,4,127,4710,4740,30,56
F,5,127,4650,4740,90,65
B,4,127,4740,4770,30,59
D,5,127,4770,4830,60,62
G#,4,127,4830,4860,30,56
B,4,127,4860,4890,30,59
D,5,127,4890,4950,60,62
G#,4,127,4950,4980,30,56
B,4,127,4980,5010,30,59
E,5,127,5010,5070,60,64
A,4,127,5070,5100,30,57
C,5,127,5100,5130,30,60
E,5,127,5130,5190,60,64
E,4,127,5190,5220,30,52
A,4,127,5220,5250,30,57
C,5,127,5250,5310,60,60
E,4,127,5310,5340,30,52
A,4,127,5340,5370,30,57
C,5,127,5370,5430,60,60
E,4,127,5430,5460,30,52
A,4,127,5460,5490,30,57
D,5,127,5490,5550,60,62
G#,4,127,5550,5580,30,56
B,4,127,5580,5610,30,59
D,5,127,5610,5670,60,62
E,4,127,5670,5700,30,52
G#,4,127,5700,5730,30,56
B,4,127,5730,5790,60,59
E,4,127,5790,5820,30,52
G#,4,127,5820,5850,30,56
B,4,127,5850,5910,60,59
E,4,127,5910,5940,30,52
G#,4,127,5940,5970,30,56
A,4,127,5970,6030,60,57
E,4,127,6030,6060,30,52
G#,4,127,6060,6090,30,56
A,4,127,6090,6150,60,57
A,4,127,6150,6180,30,57
C,5,127,6180,6210,30,60
E,5,127,6210,6270,60,64
A,4,127,6270,6300,30,57
C,5,127,6300,6330,30,60
E,5,127,6330,6390,60,64
A,4,127,6390,6420,30,57
C,5,127,6420,6450,30,60
F,5,127,6450,6510,60,65
B,4,127,6510,6540,30,59
D,5,127,6540,6570,30,62
G#,4,127,6630,6660,30,56
F,5,127,6570,6660,90,65
B,4,127,6660,6690,30,59
D,5,127,6690,6750,60,62
G#,4,127,6750,6780,30,56
B,4,127,6780,6810,30,59
D,5,127,6810,6870,60,62
G#,4,127,6870,6900,30,56
B,4,127,6900,6930,30,59
E,5,127,6930,6990,60,64
A,4,127,6990,7020,30,57
C,5,127,7020,7050,30,60
E,5,127,7050,7110,60,64
E,4,127,7110,7140,30,52
A,4,127,7140,7170,30,57
C,5,127,7170,7230,60,60
E,4,127,7230,7260,30,52
A,4,127,7260,7290,30,57
C,5,127,7290,7350,60,60
E,4,127,7350,7380,30,52
A,4,127,7380,7410,30,57
D,5,127,7410,7470,60,62
G#,4,127,7470,7500,30,56
B,4,127,7500,7530,30,59
D,5,127,7530,7590,60,62
E,4,127,7590,7620,30,52
G#,4,127,7620,7650,30,56
B,4,127,7650,7710,60,59
E,4,127,7710,7740,30,52
G#,4,127,7740,7770,30,56
B,4,127,7770,7830,60,59
E,4,127,7830,7860,30,52
G#,4,127,7860,7890,30,56
A,4,127,7890,7950,60,57
E,4,127,7950,7980,30,52
G#,4,127,7980,8010,30,56
A,4,127,8010,8070,60,57
A,4,127,8070,8100,30,57
C,5,127,8100,8130,30,60
E,5,127,8130,8190,60,64
A,4,127,8190,8220,30,57
C,5,127,8220,8250,30,60
E,5,127,8250,8310,60,64
A,4,127,8310,8340,30,57
C,5,127,8340,8370,30,60
F,5,127,8370,8430,60,65
B,4,127,8430,8460,30,59
D,5,127,8460,8490,30,62
G#,4,127,8550,8580,30,56
F,5,127,8490,8580,90,65
B,4,127,8580,8610,30,59
D,5,127,8610,8670,60,62
G#,4,127,8670,8700,30,56
B,4,127,8700,8730,30,59
D,5,127,8730,8790,60,62
G#,4,127,8790,8820,30,56
B,4,127,8820,8850,30,59
E,5,127,8850,8910,60,64
A,4,127,8910,8940,30,57
C,5,127,8940,8970,30,60
E,5,127,8970,9030,60,64
E,4,127,9030,9060,30,52
A,4,127,9060,9090,30,57
C,5,127,9090,9150,60,60
E,4,127,9150,9180,30,52
A,4,127,9180,9210,30,57
C,5,127,9210,9270,60,60
E,4,127,9270,9300,30,52
A,4,127,9300,9330,30,57
D,5,127,9330,9390,60,62
G#,4,127,9390,9420,30,56
B,4,127,9420,9450,30,59
D,5,127,9450,9510,60,62
E,4,127,9510,9540,30,52
G#,4,127,9540,9570,30,56
B,4,127,9570,9630,60,59
E,4,127,9630,9660,30,52
G#,4,127,9660,9690,30,56
B,4,127,9690,9750,60,59
E,4,127,9750,9780,30,52
G#,4,127,9780,9810,30,56
A,4,127,9810,9870,60,57
E,4,127,9870,9900,30,52
G#,4,127,9900,9930,30,56
A,4,127,9930,9990,60,57
A,4,127,9990,10020,30,57
C,5,127,10020,10050,30,60
E,5,127,10050,10110,60,64
A,4,127,10110,10140,30,57
C,5,127,10140,10170,30,60
E,5,127,10170,10230,60,64
A,4,127,10230,10260,30,57
C,5,127,10260,10290,30,60
F,5,127,10290,10350,60,65
B,4,127,10350,10380,30,59
D,5,127,10380,10410,30,62
G#,4,127,10470,10500,30,56
F,5,127,10410,10500,90,65
B,4,127,10500,10530,30,59
D,5,127,10530,10590,60,62
G#,4,127,10590,10620,30,56
B,4,127,10620,10650,30,59
D,5,127,10650,10710,60,62
G#,4,127,10710,10740,30,56
B,4,127,10740,10770,30,59
E,5,127,10770,10830,60,64
A,4,127,10830,10860,30,57
C,5,127,10860,10890,30,60
E,5,127,10890,10950,60,64
E,4,127,10950,10980,30,52
A,4,127,10980,11010,30,57
C,5,127,11010,11070,60,60
E,4,127,11070,11100,30,52
A,4,127,11100,11130,30,57
C,5,127,11130,11190,60,60
E,4,127,11190,11220,30,52
A,4,127,11220,11250,30,57
D,5,127,11250,11310,60,62
G#,4,127,11310,11340,30,56
B,4,127,11340,11370,30,59
D,5,127,11370,11430,60,62
E,4,127,11430,11460,30,52
G#,4,127,11460,11490,30,56
B,4,127,11490,11550,60,59
E,4,127,11550,11580,30,52
G#,4,127,11580,11610,30,56
B,4,127,11610,11670,60,59
E,4,127,11670,11700,30,52
G#,4,127,11700,11730,30,56
A,4,127,11730,11790,60,57
E,4,127,11790,11820,30,52
G#,4,127,11820,11850,30,56
A,4,127,11850,11910,60,57
A,4,127,11910,11940,30,57
C,5,127,11940,11970,30,60
E,5,127,11970,12030,60,64
A,4,127,12030,12060,30,57
C,5,127,12060,12090,30,60
E,5,127,12090,12150,60,64
A,4,127,12150,12180,30,57
C,5,127,12180,12210,30,60
F,5,127,12210,12270,60,65
B,4,127,12270,12300,30,59
D,5,127,12300,12330,30,62
G#,4,127,12390,12420,30,56
F,5,127,12330,12420,90,65
B,4,127,12420,12450,30,59
D,5,127,12450,12510,60,62
G#,4,127,12510,12540,30,56
B,4,127,12540,12570,30,59
D,5,127,12570,12630,60,62
G#,4,127,12630,12660,30,56
B,4,127,12660,12690,30,59
E,5,127,12690,12750,60,64
A,4,127,12750,12780,30,57
C,5,127,12780,12810,30,60
E,5,127,12810,12870,60,64
E,4,127,12870,12900,30,52
A,4,127,12900,12930,30,57
C,5,127,12930,12990,60,60
E,4,127,12990,13020,30,52
A,4,127,13020,13050,30,57
C,5,127,13050,13110,60,60
E,4,127,13110,13140,30,52
A,4,127,13140,13170,30,57
D,5,127,13170,13230,60,62
G#,4,127,13230,13260,30,56
B,4,127,13260,13290,30,59
D,5,127,13290,13350,60,62
E,4,127,13350,13380,30,52
G#,4,127,13380,13410,30,56
B,4,127,13410,13470,60,59
E,4,127,13470,13500,30,52
G#,4,127,13500,13530,30,56
B,4,127,13530,13590,60,59
E,4,127,13590,13620,30,52
G#,4,127,13620,13650,30,56
A,4,127,13650,13710,60,57
E,4,127,13710,13740,30,52
G#,4,127,13740,13770,30,56
A,4,127,13770,13830,60,57
A,4,127,13830,13860,30,57
C,5,127,13860,13890,30,60
E,5,127,13890,13950,60,64
A,4,127,13950,13980,30,57
C,5,127,13980,14010,30,60
E,5,127,14010,14070,60,64
A,4,127,14070,14100,30,57
C,5,127,14100,14130,30,60
F,5,127,14130,14190,60,65
B,4,127,14190,14220,30,59
D,5,127,14220,14250,30,62
G#,4,127,14310,14340,30,56
F,5,127,14250,14340,90,65
B,4,127,14340,14370,30,59
D,5,127,14370,14430,60,62
G#,4,127,14430,14460,30,56
B,4,127,14460,14490,30,59
D,5,127,14490,14550,60,62
G#,4,127,14550,14580,30,56
B,4,127,14580,14610,30,59
E,5,127,14610,14670,60,64
A,4,127,14670,14700,30,57
C,5,127,14700,14730,30,60
E,5,127,14730,14790,60,64
E,4,127,14790,14820,30,52
A,4,127,14820,14850,30,57
C,5,127,14850,14910,60,60
E,4,127,14910,14940,30,52
A,4,127,14940,14970,30,57
C,5,127,14970,15030,60,60
E,4,127,15030,15060,30,52
A,4,127,15060,15090,30,57
D,5,127,15090,15150,60,62
G#,4,127,15150,15180,30,56
B,4,127,15180,15210,30,59
D,5,127,15210,15270,60,62
E,4,127,15270,15300,30,52
G#,4,127,15300,15330,30,56
B,4,127,15330,15390,60,59
E,4,127,15390,15420,30,52
G#,4,127,15420,15450,30,56
B,4,127,15450,15510,60,59
E,4,127,15510,15540,30,52
G#,4,127,15540,15570,30,56
A,4,127,15570,15630,60,57
E,4,127,15630,15660,30,52
G#,4,127,15660,15690,30,56
A,4,127,15690,15750,60,57
A,4,127,15750,15780,30,57
C,5,127,15780,15810,30,60
E,5,127,15810,15870,60,64
A,4,127,15870,15900,30,57
C,5,127,15900,15930,30,60
E,5,127,15930,15990,60,64
A,4,127,15990,16020,30,57
C,5,127,16020,16050,30,60
F,5,127,16050,16110,60,65
B,4,127,16110,16140,30,59
D,5,127,16140,16170,30,62
G#,4,127,16230,16260,30,56
F,5,127,16170,16260,90,65
B,4,127,16260,16290,30,59
D,5,127,16290,16350,60,62
G#,4,127,16350,16380,30,56
B,4,127,16380,16410,30,59
D,5,127,16410,16470,60,62
G#,4,127,16470,16500,30,56
B,4,127,16500,16530,30,59
E,5,127,16530,16590,60,64
A,4,127,16590,16620,30,57
C,5,127,16620,16650,30,60
E,5,127,16650,16710,60,64
E,4,127,16710,16740,30,52
A,4,127,16740,16770,30,57
C,5,127,16770,16830,60,60
E,4,127,16830,16860,30,52
A,4,127,16860,16890,30,57
C,5,127,16890,16950,60,60
E,4,127,16950,16980,30,52
A,4,127,16980,17010,30,57
D,5,127,17010,17070,60,62
G#,4,127,17070,17100,30,56
B,4,127,17100,17130,30,59
D,5,127,17130,17190,60,62
E,4,127,17190,17220,30,52
G#,4,127,17220,17250,30,56
B,4,127,17250,17310,60,59
E,4,127,17310,17340,30,52
G#,4,127,17340,17370,30,56
B,4,127,17370,17430,60,59
E,4,127,17430,17460,30,52
G#,4,127,17460,17490,30,56
A,4,127,17490,17550,60,57
E,4,127,17550,17580,30,52
G#,4,127,17580,17610,30,56
A,4,127,17610,17670,60,57
A,4,127,17670,17700,30,57
C,5,127,17700,17730,30,60
E,5,127,17730,17790,60,64
A,4,127,17790,17820,30,57
C,5,127,17820,17850,30,60
E,5,127,17850,17910,60,64
A,4,127,17910,17940,30,57
C,5,127,17940,17970,30,60
F,5,127,17970,18030,60,65
B,4,127,18030,18060,30,59
D,5,127,18060,18090,30,62
G#,4,127,18150,18180,30,56
F,5,127,18090,18180,90,65
B,4,127,18180,18210,30,59
D,5,127,18210,18270,60,62
G#,4,127,18270,18300,30,56
B,4,127,18300,18330,30,59
D,5,127,18330,18390,60,62
G#,4,127,18390,18420,30,56
B,4,127,18420,18450,30,59
E,5,127,18450,18510,60,64
A,4,127,18510,18540,30,57
C,5,127,18540,18570,30,60
E,5,127,18570,18630,60,64
E,4,127,18630,18660,30,52
A,4,127,18660,18690,30,57
C,5,127,18690,18750,60,60
E,4,127,18750,18780,30,52
A,4,127,18780,18810,30,57
C,5,127,18810,18870,60,60
E,4,127,18870,18900,30,52
A,4,127,18900,18930,30,57
D,5,127,18930,18990,60,62
G#,4,127,18990,19020,30,56
B,4,127,19020,19050,30,59
D,5,127,19050,19110,60,62
E,4,127,19110,19140,30,52
G#,4,127,19140,19170,30,56
B,4,127,19170,19230,60,59
E,4,127,19230,19260,30,52
G#,4,127,19260,19290,30,56
B,4,127,19290,19350,60,59
E,4,127,19350,19380,30,52
G#,4,127,19380,19410,30,56
A,4,127,19410,19470,60,57
E,4,127,19470,19500,30,52
G#,4,127,19500,19530,30,56
A,4,127,19530,19590,60,57
A,4,127,19590,19620,30,57
C,5,127,19620,19650,30,60
E,5,127,19650,19710,60,64
A,4,127,19710,19740,30,57
C,5,127,19740,19770,30,60
E,5,127,19770,19830,60,64
A,4,127,19830,19860,30,57
C,5,127,19860,19890,30,60
F,5,127,19890,19950,60,65
B,4,127,19950,19980,30,59
D,5,127,19980,20010,30,62
G#,4,127,20070,20100,30,56
F,5,127,20010,20100,90,65
B,4,127,20100,20130,30,59
D,5,127,20130,20190,60,62
G#,4,127,20190,20220,30,56
B,4,127,20220,20250,30,59
D,5,127,20250,20310,60,62
G#,4,127,20310,20340,30,56
B,4,127,20340,20370,30,59
E,5,127,20370,20430,60,64
A,4,127,20430,20460,30,57
C,5,127,20460,20490,30,60
E,5,127,20490,20550,60,64
E,4,127,20550,20580,30,52
A,4,127,20580,20610,30,57
C,5,127,20610,20670,60,60
E,4,127,20670,20700,30,52
A,4,127,20700,20730,30,57
C,5,127,20730,20790,60,60
E,4,127,20790,20820,30,52
A,4,127,20820,20850,30,57
D,5,127,20850,20910,60,62
G#,4,127,20910,20940,30,56
B,4,127,20940,20970,30,59
D,5,127,20970,21030,60,62
E,4,127,21030,21060,30,52
G#,4,127,21060,21090,30,56
B,4,127,21090,21150,60,59
E,4,127,21150,21180,30,52
G#,4,127,21180,21210,30,56
B,4,127,21210,21270,60,59
E,4,127,21270,21300,30,52
G#,4,127,21300,21330,30,56
A,4,127,21330,21390,60,57
E,4,127,21390,21420,30,52
G#,4,127,21420,21450,30,56
A,4,127,21450,21510,60,57
A,4,127,21510,21540,30,57
C,5,127,21540,21570,30,60
E,5,127,21570,21630,60,64
A,4,127,21630,21660,30,57
C,5,127,21660,21690,30,60
E,5,127,21690,21750,60,64
A,4,127,21750,21780,30,57
C,5,127,21780,21810,30,60
F,5,127,21810,21870,60,65
B,4,127,21870,21900,30,59
D,5,127,21900,21930,30,62
G#,4,127,21990,22020,30,56
F,5,127,21930,22020,90,65
B,4,127,22020,22050,30,59
D,5,127,22050,22110,60,62
G#,4,127,22110,22140,30,56
B,4,127,22140,22170,30,59
D,5,127,22170,22230,60,62
G#,4,127,22230,22260,30,56
B,4,127,22260,22290,30,59
E,5,127,22290,22350,60,64
A,4,127,22350,22380,30,57
C,5,127,22380,22410,30,60
E,5,127,22410,22470,60,64
E,4,127,22470,22500,30,52
A,4,127,22500,22530,30,57
C,5,127,22530,22590,60,60
E,4,127,22590,22620,30,52
A,4,127,22620,22650,30,57
C,5,127,22650,22710,60,60
E,4,127,22710,22740,30,52
A,4,127,22740,22770,30,57
D,5,127,22770,22830,60,62
G#,4,127,22830,22860,30,56
B,4,127,22860,22890,30,59
D,5,127,22890,22950,60,62
E,4,127,22950,22980,30,52
G#,4,127,22980,23010,30,56
B,4,127,23010,23070,60,59
E,4,127,23070,23100,30,52
G#,4,127,23100,23130,30,56
B,4,127,23130,23190,60,59
E,4,127,23190,23220,30,52
G#,4,127,23220,23250,30,56
A,4,127,23250,23310,60,57
E,4,127,23310,23340,30,52
G#,4,127,23340,23370,30,56
A,4,127,23370,23430,60,57
A,4,127,23430,23460,30,57
C,5,127,23460,23490,30,60
E,5,127,23490,23550,60,64
A,4,127,23550,23580,30,57
C,5,127,23580,23610,30,60
E,5,127,23610,23670,60,64
A,4,127,23670,23700,30,57
C,5,127,23700,23730,30,60
F,5,127,23730,23790,60,65
B,4,127,23790,23820,30,59
D,5,127,23820,23850,30,62
G#,4,127,23910,23940,30,56
F,5,127,23850,23940,90,65
B,4,127,23940,23970,30,59
D,5,127,23970,24030,60,62
G#,4,127,24030,24060,30,56
B,4,127,24060,24090,30,59
D,5,127,24090,24150,60,62
G#,4,127,24150,24180,30,56
B,4,127,24180,24210,30,59
E,5,127,24210,24270,60,64
A,4,127,24270,24300,30,57
C,5,127,24300,24330,30,60
E,5,127,24330,24390,60,64
E,4,127,24390,24420,30,52
A,4,127,24420,24450,30,57
C,5,127,24450,24510,60,60
E,4,127,24510,24540,30,52
A,4,127,24540,24570,30,57
C,5,127,24570,24630,60,60
E,4,127,24630,24660,30,52
A,4,127,24660,24690,30,57
D,5,127,24690,24750,60,62
G#,4,127,24750,24780,30,56
B,4,127,24780,24810,30,59
D,5,127,24810,24870,60,62
E,4,127,24870,24900,30,52
G#,4,127,24900,24930,30,56
B,4,127,24930,24990,60,59
E,4,127,24990,25020,30,52
G#,4,127,25020,25050,30,56
B,4,127,25050,25110,60,59
E,4,127,25110,25140,30,52
G#,4,127,25140,25170,30,56
A,4,127,25170,25230,60,57
E,4,127,25230,25260,30,52
G#,4,127,25260,25290,30,56
A,4,127,25290,25350,60,57
A,4,127,25350,25380,30,57
C,5,127,25380,25410,30,60
E,5,127,25410,25470,60,64
A,4,127,25470,25500,30,57
C,5,127,25500,25530,30,60
E,5,127,25530,25590,60,64
A,4,127,25590,25620,30,57
C,5,127,25620,25650,30,60
F,5,127,25650,25710,60,65
B,4,127,25710,25740,30,59
D,5,127,25740,25770,30,62
G#,4,127,25830,25860,30,56
F,5,127,25770,25860,90,65
B,4,127,25860,25890,30,59
D,5,127,25890,25950,60,62
G#,4,127,25950,25980,30,56
B,4,127,25980,26010,30,59
D,5,127,26010,26070,60,62
G#,4,127,26070,26100,30,56
B,4,127,26100,26130,30,59
E,5,127,26130,26190,60,64
A,4,127,26190,26220,30,57
C,5,127,26220,26250,30,60
E,5,127,26250,26310,60,64
E,4,127,26310,26340,30,52
A,4,127,26340,26370,30,57
C,5,127,26370,26430,60,60
E,4,127,26430,26460,30,52
A,4,127,26460,26490,30,57
C,5,127,26490,26550,60,60
E,4,127,26550,26580,30,52
A,4,127,26580,26610,30,57
D,5,127,26610,26670,60,62
G#,4,127,26670,26700,30,56
B,4,127,26700,26730,30,59
D,5,127,26730,26790,60,62
E,4,127,26790,26820,30,52
G#,4,127,26820,26850,30,56
B,4,127,26850,26910,60,59
E,4,127,26910,26940,30,52
G#,4,127,26940,26970,30,56
B,4,127,26970,27030,60,59
E,4,127,27030,27060,30,52
G#,4,127,27060,27090,30,56
A,4,127,27090,27150,60,57
E,4,127,27150,27180,30,52
G#,4,127,27180,27210,30,56
A,4,127,27210,27270,60,57
A,4,127,27270,27300,30,57
C,5,127,27300,27330,30,60
E,5,127,27330,27390,60,64
A,4,127,27390,27420,30,57
C,5,127,27420,27450,30,60
E,5,127,27450,27510,60,64
A,4,127,27510,27540,30,57
C,5,127,27540,27570,30,60
F,5,127,27570,27630,60,65
B,4,127,27630,27660,30,59
D,5,127,27660,27690,30,62
G#,4,127,27750,27780,30,56
F,5,127,27690,27780,90,65
B,4,127,27780,27810,30,59
D,5,127,27810,27870,60,62
G#,4,127,27870,27900,30,56
B,4,127,27900,27930,30,59
D,5,127,27930,27990,60,62
G#,4,127,27990,28020,30,56
B,4,127,28020,28050,30,59
E,5,127,28050,28110,60,64
A,4,127,28110,28140,30,57
C,5,127,28140,28170,30,60
E,5,127,28170,28230,60,64
E,4,127,28230,28260,30,52
A,4,127,28260,28290,30,57
C,5,127,28290,28350,60,60
E,4,127,28350,28380,30,52
A,4,127,28380,28410,30,57
C,5,127,28410,28470,60,60
E,4,127,28470,28500,30,52
A,4,127,28500,28530,30,57
D,5,127,28530,28590,60,62
G#,4,127,28590,28620,30,56
B,4,127,28620,28650,30,59
D,5,127,28650,28710,60,62
E,4,127,28710,28740,30,52
G#,4,127,28740,28770,30,56
B,4,127,28770,28830,60,59
E,4,127,28830,28860,30,52
G#,4,127,28860,28890,30,56
B,4,127,28890,28950,60,59
E,4,127,28950,28980,30,52
G#,4,127,28980,29010,30,56
A,4,127,29010,29070,60,57
E,4,127,29070,29100,30,52
G#,4,127,29100,29130,30,56
A,4,127,29130,29190,60,57
A,4,127,29190,29220,30,57
C,5,127,29220,29250,30,60
E,5,127,29250,29310,60,64
A,4,127,29310,29340,30,57
C,5,127,29340,29370,30,60
E,5,127,29370,29430,60,64
A,4,127,29430,29460,30,57
C,5,127,29460,29490,30,60
F,5,127,29490,29550,60,65
B,4,127,29550,29580,30,59
D,5,127,29580,29610,30,62
G#,4,127,29670,29700,30,56
F,5,127,29610,29700,90,65
B,4,127,29700,29730,30,59
D,5,127,29730,29790,60,62
G#,4,127,29790,29820,30,56
B,4,127,29820,29850,30,59
D,5,127,29850,29910,60,62
G#,4,127,29910,29940,30,56
B,4,127,29940,29970,30,59
E,5,127,29970,30030,60,64
A,4,127,30030,30060,30,57
C,5,127,30060,30090,30,60
E,5,127,30090,30150,60,64
E,4,127,30150,30180,30,52
A,4,127,30180,30210,30,57
C,5,127,30210,30270,60,60
E,4,127,30270,30300,30,52
A,4,127,30300,30330,30,57
C,5,127,30330,30390,60,60
E,4,127,30390,30420,30,52
A,4,127,30420,30450,30,57
D,5,127,30450,30510,60,62
G#,4,127,30510,30540,30,56
B,4,127,30540,30570,30,59
D,5,127,30570,30630,60,62
E,4,127,30630,30660,30,52
G#,4,127,30660,30690,30,56
B,4,127,30690,30750,60,59
E,4,127,30750,30780,30,52
G#,4,127,30780,30810,30,56
B,4,127,30810,30870,60,59
E,4,127,30870,30900,30,52
G#,4,127,30900,30930,30,56
A,4,127,30930,30990,60,57
E,4,127,30990,31020,30,52
G#,4,127,31020,31050,30,56
A,4,127,31050,31110,60,57
A,4,127,31110,31140,30,57
C,5,127,31140,31170,30,60
E,5,127,31170,31230,60,64
A,4,127,31230,31260,30,57
C,5,127,31260,31290,30,60
E,5,127,31290,31350,60,64
A,4,127,31350,31380,30,57
C,5,127,31380,31410,30,60
F,5,127,31410,31470,60,65
B,4,127,31470,31500,30,59
D,5,127,31500,31530,30,62
G#,4,127,31590,31620,30,56
F,5,127,31530,31620,90,65
B,4,127,31620,31650,30,59
D,5,127,31650,31710,60,62
G#,4,127,31710,31740,30,56
B,4,127,31740,31770,30,59
D,5,127,31770,31830,60,62
G#,4,127,31830,31860,30,56
B,4,127,31860,31890,30,59
E,5,127,31890,31950,60,64
A,4,127,31950,31980,30,57
C,5,127,31980,32010,30,60
E,5,127,32010,32070,60,64
E,4,127,32070,32100,30,52
A,4,127,32100,32130,30,57
C,5,127,32130,32190,60,60
E,4,127,32190,32220,30,52
A,4,127,32220,32250,30,57
C,5,127,32250,32310,60,60
E,4,127,32310,32340,30,52
A,4,127,32340,32370,30,57
D,5,127,32370,32430,60,62
G#,4,127,32430,32460,30,56
B,4,127,32460,32490,30,59
D,5,127,32490,32550,60,62
E,4,127,32550,32580,30,52
G#,4,127,32580,32610,30,56
B,4,127,32610,32670,60,59
E,4,127,32670,32700,30,52
G#,4,127,32700,32730,30,56
B,4,127,32730,32790,60,59
E,4,127,32790,32820,30,52
G#,4,127,32820,32850,30,56
A,4,127,32850,32910,60,57
E,4,127,32910,32940,30,52
G#,4,127,32940,32970,30,56
A,4,127,32970,33030,60,57
A,4,127,33030,33060,30,57
C,5,127,33060,33090,30,60
E,5,127,33090,33150,60,64
A,4,127,33150,33180,30,57
C,5,127,33180,33210,30,60
E,5,127,33210,33270,60,64
A,4,127,33270,33300,30,57
C,5,127,33300,33330,30,60
F,5,127,33330,33390,60,65
B,4,127,33390,33420,30,59
D,5,127,33420,33450,30,62
G#,4,127,33510,33540,30,56
F,5,127,33450,33540,90,65
B,4,127,33540,33570,30,59
D,5,127,33570,33630,60,62
G#,4,127,33630,33660,30,56
B,4,127,33660,33690,30,59
D,5,127,33690,33750,60,62
G#,4,127,33750,33780,30,56
B,4,127,33780,33810,30,59
E,5,127,33810,33870,60,64
A,4,127,33870,33900,30,57
C,5,127,33900,33930,30,60
E,5,127,33930,33990,60,64
E,4,127,33990,34020,30,52
A,4,127,34020,34050,30,57
C,5,127,34050,34110,60,60
E,4,127,34110,34140,30,52
A,4,127,34140,34170,30,57
C,5,127,34170,34230,60,60
E,4,127,34230,34260,30,52
A,4,127,34260,34290,30,57
D,5,127,34290,34350,60,62
G#,4,127,34350,34380,30,56
B,4,127,34380,34410,30,59
D,5,127,34410,34470,60,62
E,4,127,34470,34500,30,52
G#,4,127,34500,34530,30,56
B,4,127,34530,34590,60,59
E,4,127,34590,34620,30,52
G#,4,127,34620,34650,30,56
B,4,127,34650,34710,60,59
E,4,127,34710,34740,30,52
G#,4,127,34740,34770,30,56
A,4,127,34770,34830,60,57
E,4,127,34830,34860,30,52
G#,4,127,34860,34890,30,56
A,4,127,34890,34950,60,57
A,4,127,34950,34980,30,57
C,5,127,34980,35010,30,60
E,5,127,35010,35070,60,64
A,4,127,35070,35100,30,57
C,5,127,35100,35130,30,60
E,5,127,35130,35190,60,64
A,4,127,35190,35220,30,57
C,5,127,35220,35250,30,60
F,5,127,35250,35310,60,65
B,4,127,35310,35340,30,59
D,5,127,35340,35370,30,62
G#,4,127,35430,35460,30,56
F,5,127,35370,35460,90,65
B,4,127,35460,35490,30,59
D,5,127,35490,35550,60,62
G#,4,127,35550,35580,30,56
B,4,127,35580,35610,30,59
D,5,127,35610,35670,60,62
G#,4,127,35670,35700,30,56
B,4,127,35700,35730,30,59
E,5,127,35730,35790,60,64
A,4,127,35790,35820,30,57
C,5,127,35820,35850,30,60
E,5,127,35850,35910,60,64
E,4,127,35910,35940,30,52
A,4,127,35940,35970,30,57
C,5,127,35970,36030,60,60
E,4,127,36030,36060,30,52
A,4,127,36060,36090,30,57
C,5,127,36090,36150,60,60
E,4,127,36150,36180,30,52
A,4,127,36180,36210,30,57
D,5,127,36210,36270,60,62
G#,4,127,36270,36300,30,56
B,4,127,36300,36330,30,59
D,5,127,36330,36390,60,62
E,4,127,36390,36420,30,52
G#,4,127,36420,36450,30,56
B,4,127,36450,36510,60,59
E,4,127,36510,36540,30,52
G#,4,127,36540,36570,30,56
B,4,127,36570,36630,60,59
E,4,127,36630,36660,30,52
G#,4,127,36660,36690,30,56
A,4,127,36690,36750,60,57
E,4,127,36750,36780,30,52
G#,4,127,36780,36810,30,56
A,4,127,36810,36870,60,57
A,4,127,36870,36900,30,57
C,5,127,36900,36930,30,60
E,5,127,36930,36990,60,64
A,4,127,36990,37020,30,57
C,5,127,37020,37050,30,60
E,5,127,37050,37110,60,64
A,4,127,37110,37140,30,57
C,5,127,37140,37170,30,60
F,5,127,37170,37230,60,65
B,4,127,37230,37260,30,59
D,5,127,37260,37290,30,62
G#,4,127,37350,37380,30,56
F,5,127,37290,37380,90,65
B,4,127,37380,37410,30,59
D,5,127,37410,37470,60,62
G#,4,127,37470,37500,30,56
B,4,127,37500,37530,30,59
D,5,127,37530,37590,60,62
G#,4,127,37590,37620,30,56
B,4,127,37620,37650,30,59
E,5,127,37650,37710,60,64
A,4,127,37710,37740,30,57
C,5,127,37740,37770,30,60
E,5,127,37770,37830,60,64
E,4,127,37830,37860,30,52
A,4,127,37860,37890,30,57
C,5,127,37890,37950,60,60
E,4,127,37950,37980,30,52
A,4,127,37980,38010,30,57
C,5,127,38010,38070,60,60
E,4,127,38070,38100,30,52
A,4,127,38100,38130,30,57
D,5,127,38130,38190,60,62
G#,4,127,38190,38220,30,56
B,4,127,38220,38250,30,59
D,5,127,38250,38310,60,62
E,4,127,38310,38340,30,52
G#,4,127,38340,38370,30,56
B,4,127,38370,38430,60,59
E,4,127,38430,38460,30,52
G#,4,127,38460,38490,30,56
B,4,127,38490,38550,60,59
E,4,127,38550,38580,30,52
G#,4,127,38580,38610,30,56
A,4,127,38610,38670,60,57
E,4,127,38670,38700,30,52
G#,4,127,38700,38730,30,56
A,4,127,38730,38790,60,57
A,4,127,38790,38820,30,57
C,5,127,38820,38850,30,60
E,5,127,38850,38910,60,64
A,4,127,38910,38940,30,57
C,5,127,38940,38970,30,60
E,5,127,38970,39030,60,64
A,4,127,39030,39060,30,57
C,5,127,39060,39090,30,60
F,5,127,39090,39150,60,65
B,4,127,39150,39180,30,59
D,5,127,39180,39210,30,62
G#,4,127,39270,39300,30,56
F,5,127,39210,39300,90,65
B,4,127,39300,39330,30,59
D,5,127,39330,39390,60,62
G#,4,127,39390,39420,30,56
B,4,127,39420,39450,30,59
D,5,127,39450,39510,60,62
G#,4,127,39510,39540,30,56
B,4,127,39540,39570,30,59
E,5,127,39570,39630,60,64
A,4,127,39630,39660,30,57
C,5,127,39660,39690,30,60
E,5,127,39690,39750,60,64
E,4,127,39750,39780,30,52
A,4,127,39780,39810,30,57
C,5,127,39810,39870,60,60
E,4,127,39870,39900,30,52
A,4,127,39900,39930,30,57
C,5,127,39930,39990,60,60
E,4,127,39990,40020,30,52
A,4,127,40020,40050,30,57
D,5,127,40050,40110,60,62
G#,4,127,40110,40140,30,56
B,4,127,40140,40170,30,59
D,5,127,40170,40230,60,62
E,4,127,40230,40260,30,52
G#,4,127,40260,40290,30,56
B,4,127,40290,40350,60,59
E,4,127,40350,40380,30,52
G#,4,127,40380,40410,30,56
B,4,127,40410,40470,60,59
E,4,127,40470,40500,30,52
G#,4,127,40500,40530,30,56
A,4,127,40530,40590,60,57
E,4,127,40590,40620,30,52
G#,4,127,40620,40650,30,56
A,4,127,40650,40710,60,57
A,4,127,40710,40740,30,57
C,5,127,40740,40770,30,60
E,5,127,40770,40830,60,64
A,4,127,40830,40860,30,57
C,5,127,40860,40890,30,60
E,5,127,40890,40950,60,64
A,4,127,40950,40980,30,57
C,5,127,40980,41010,30,60
F,5,127,41010,41070,60,65
B,4,127,41070,41100,30,59
D,5,127,41100,41130,30,62
G#,4,127,41190,41220,30,56
F,5,127,41130,41220,90,65
B,4,127,41220,41250,30,59
D,5,127,41250,41310,60,62
G#,4,127,41310,41340,30,56
B,4,127,41340,41370,30,59
D,5,127,41370,41430,60,62
G#,4,127,41430,41460,30,56
B,4,127,41460,41490,30,59
E,5,127,41490,41550,60,64
A,4,127,41550,41580,30,57
C,5,127,41580,41610,30,60
E,5,127,41610,41670,60,64
E,4,127,41670,41700,30,52
A,4,127,41700,41730,30,57
C,5,127,41730,41790,60,60
E,4,127,41790,41820,30,52
A,4,127,41820,41850,30,57
C,5,127,41850,41910,60,60
E,4,127,41910,41940,30,52
A,4,127,41940,41970,30,57
D,5,127,41970,42030,60,62
G#,4,127,42030,42060,30,56
B,4,127,42060,42090,30,59
D,5,127,42090,42150,60,62
E,4,127,42150,42180,30,52
G#,4,127,42180,42210,30,56
B,4,127,42210,42270,60,59
E,4,127,42270,42300,30,52
G#,4,127,42300,42330,30,56
B,4,127,42330,42390,60,59
E,4,127,42390,42420,30,52
G#,4,127,42420,42450,30,56
A,4,127,42450,42510,60,57
E,4,127,42510,42540,30,52
G#,4,127,42540,42570,30,56
A,4,127,42570,42630,60,57
A,4,127,42630,42660,30,57
C,5,127,42660,42690,30,60
E,5,127,42690,42750,60,64
A,4,127,42750,42780,30,57
C,5,127,42780,42810,30,60
E,5,127,42810,42870,60,64
A,4,127,42870,42900,30,57
C,5,127,42900,42930,30,60
F,5,127,42930,42990,60,65
B,4,127,42990,43020,30,59
D,5,127,43020,43050,30,62
G#,4,127,43110,43140,30,56
F,5,127,43050,43140,90,65
B,4,127,43140,43170,30,59
D,5,127,43170,43230,60,62
G#,4,127,43230,43260,30,56
B,4,127,43260,43290,30,59
D,5,127,43290,43350,60,62
G#,4,127,43350,43380,30,56
B,4,127,43380,43410,30,59
E,5,127,43410,43470,60,64
A,4,127,43470,43500,30,57
C,5,127,43500,43530,30,60
E,5,127,43530,43590,60,64
E,4,127,43590,43620,30,52
A,4,127,43620,43650,30,57
C,5,127,43650,43710,60,60
E,4,127,43710,43740,30,52
A,4,127,43740,43770,30,57
C,5,127,43770,43830,60,60
E,4,127,43830,43860,30,52
A,4,127,43860,43890,30,57
D,5,127,43890,43950,60,62
G#,4,127,43950,43980,30,56
B,4,127,43980,44010,30,59
D,5,127,44010,44070,60,62
E,4,127,44070,44100,30,52
G#,4,127,44100,44130,30,56
B,4,127,44130,44190,60,59
E,4,127,44190,44220,30,52
G#,4,127,44220,44250,30,56
B,4,127,44250,44310,60,59
E,4,127,44310,44340,30,52
G#,4,127,44340,44370,30,56
A,4,127,44370,44430,60,57
E,4,127,44430,44460,30,52
G#,4,127,44460,44490,30,56
A,4,127,44490,44550,60,57
A,4,127,44550,44580,30,57
C,5,127,44580,44610,30,60
E,5,127,44610,44670,60,64
A,4,127,44670,44700,30,57
C,5,127,44700,44730,30,60
E,5,127,44730,44790,60,64
A,4,127,44790,44820,30,57
C,5,127,44820,44850,30,60
F,5,127,44850,44910,60,65
B,4,127,44910,44940,30,59
D,5,127,44940,44970,30,62
G#,4,127,45030,45060,30,56
F,5,127,44970,45060,90,65
B,4,127,45060,45090,30,59
D,5,127,45090,45150,60,62
G#,4,127,45150,45180,30,56
B,4,127,45180,45210,30,59
D,5,127,45210,45270,60,62
G#,4,127,45270,45300,30,56
B,4,127,45300,45330,30,59
E,5,127,45330,45390,60,64
A,4,127,45390,45420,30,57
C,5,127,45420,45450,30,60
E,5,127,45450,45510,60,64
E,4,127,45510,45540,30,52
A,4,127,45540,45570,30,57
C,5,127,45570,45630,60,60
E,4,127,45630,45660,30,52
A,4,127,45660,45690,30,57
C,5,127,45690,45750,60,60
E,4,127,45750,45780,30,52
A,4,127,45780,45810,30,57
D,5,127,45810,45870,60,62
G#,4,127,45870,45900,30,56
B,4,127,45900,45930,30,59
D,5,127,45930,45990,60,62
E,4,127,45990,46020,30,52
G#,4,127,46020,46050,30,56
B,4,127,46050,46110,60,59
E,4,127,46110,46140,30,52
G#,4,127,46140,46170,30,56
B,4,127,46170,46230,60,59
E,4,127,46230,46260,30,52
G#,4,127,46260,46290,30,56
A,4,127,46290,46350,60,57
E,4,127,46350,46380,30,52
G#,4,127,46380,46410,30,56
A,4,127,46410,46470,60,57
A,4,127,46470,46500,30,57
C,5,127,46500,46530,30,60
E,5,127,46530,46590,60,64
A,4,127,46590,46620,30,57
C,5,127,46620,46650,30,60
E,5,127,46650,46710,60,64
A,4,127,46710,46740,30,57
C,5,127,46740,46770,30,60
F,5,127,46770,46830,60,65
B,4,127,46830,46860,30,59
D,5,127,46860,46890,30,62
G#,4,127,46950,46980,30,56
F,5,127,46890,46980,90,65
B,4,127,46980,47010,30,59
D,5,127,47010,47070,60,62
G#,4,127,47070,47100,30,56
B,4,127,47100,47130,30,59
D,5,127,47130,47190,60,62
G#,4,127,47190,47220,30,56
B,4,127,47220,47250,30,59
E,5,127,47250,47310,60,64
A,4,127,47310,47340,30,57
C,5,127,47340,47370,30,60
E,5,127,47370,47430,60,64
E,4,127,47430,47460,30,52
A,4,127,47460,47490,30,57
C,5,127,47490,47550,60,60
E,4,127,47550,47580,30,52
A,4,127,47580,47610,30,57
C,5,127,47610,47670,60,60
E,4,127,47670,47700,30,52
A,4,127,47700,47730,30,57
D,5,127,47730,47790,60,62
G#,4,127,47790,47820,30,56
B,4,127,47820,47850,30,59
D,5,127,47850,47910,60,62
E,4,127,47910,47940,30,52
G#,4,127,47940,47970,30,56
B,4,127,47970,48030,60,59
E,4,127,48030,48060,30,52
G#,4,127,48060,48090,30,56
B,4,127,48090,48150,60,59
E,4,127,48150,48180,30,52
G#,4,127,48180,48210,30,56
A,4,127,48210,48270,60,57
E,4,127,48270,48300,30,52
G#,4,127,48300,48330,30,56
A,4,127,48330,48390,60,57
A,4,127,48390,48420,30,57
C,5,127,48420,48450,30,60
E,5,127,48450,48510,60,64
A,4,126,48510,48540,30,57
C,5,124,48540,48570,30,60
E,5,122,48570,48630,60,64
A,4,118,48630,48660,30,57
C,5,116,48660,48690,30,60
F,5,114,48690,48750,60,65
B,4,110,48750,48780,30,59
D,5,108,48780,48810,30,62
G#,4,102,48870,48900,30,56
F,5,106,48810,48900,90,65
B,4,100,48900,48930,30,59
D,5,98,48930,48990,60,62
G#,4,94,48990,49020,30,56
B,4,92,49020,49050,30,59
D,5,90,49050,49110,60,62
G#,4,86,49110,49140,30,56
B,4,84,49140,49170,30,59
E,5,82,49170,49230,60,64
A,4,78,49230,49260,30,57
C,5,76,49260,49290,30,60
E,5,74,49290,49350,60,64
E,4,70,49350,49380,30,52
A,4,68,49380,49410,30,57
C,5,66,49410,49470,60,60
E,4,62,49470,49500,30,52
A,4,60,49500,49530,30,57
C,5,58,49530,49590,60,60
E,4,54,49590,49620,30,52
A,4,52,49620,49650,30,57
D,5,50,49650,49710,60,62
G#,4,46,49710,49740,30,56
B,4,44,49740,49770,30,59
D,5,42,49770,49830,60,62
E,4,38,49830,49860,30,52
G#,4,36,49860,49890,30,56
B,4,34,49890,49950,60,59
E,4,30,49950,49980,30,52
G#,4,28,49980,50010,30,56
B,4,26,50010,50070,60,59
E,4,22,50070,50100,30,52
G#,4,20,50100,50130,30,56
A,4,18,50130,50190,60,57
E,4,14,50190,50220,30,52
G#,4,12,50220,50250,30,56
A,4,10,50250,50310,60,57
F#,3,127,540,570,30,42
F#,3,127,570,600,30,42
F#,3,127,600,630,30,42
F#,3,127,630,660,30,42
F#,3,127,660,690,30,42
F#,3,127,750,780,30,42
F#,3,127,780,810,30,42
F#,3,127,810,840,30,42
F#,3,127,840,870,30,42
F#,3,127,870,900,30,42
F#,3,127,900,930,30,42
F#,3,127,990,1020,30,42
F#,3,127,1020,1050,30,42
F#,3,127,1050,1080,30,42
F#,3,127,1080,1110,30,42
F#,3,127,1110,1140,30,42
F#,3,127,1140,1170,30,42
F#,3,127,1230,1260,30,42
F#,3,127,1260,1290,30,42
F#,3,127,1290,1320,30,42
F#,3,127,1320,1350,30,42
F#,3,127,1350,1380,30,42
F#,3,127,1380,1410,30,42
F#,3,127,1470,1500,30,42
F#,3,127,1500,1530,30,42
F#,3,127,1530,1560,30,42
F#,3,127,1560,1590,30,42
F#,3,127,1590,1620,30,42
F#,3,127,1620,1650,30,42
F#,3,127,1710,1740,30,42
F#,3,127,1740,1770,30,42
F#,3,127,1770,1800,30,42
F#,3,127,1800,1830,30,42
F#,3,127,1830,1860,30,42
F#,3,127,1860,1890,30,42
F#,3,127,1950,1980,30,42
F#,3,127,1980,2010,30,42
F#,3,127,2070,2100,30,42
F#,3,127,2100,2130,30,42
F#,3,127,2130,2160,30,42
F#,3,127,2190,2220,30,42
F#,3,127,2220,2250,30,42
F#,3,127,2310,2340,30,42
F#,3,127,2340,2370,30,42
F#,3,127,2370,2400,30,42
F#,3,127,2430,2460,30,42
F#,3,127,2460,2490,30,42
F#,3,127,2490,2520,30,42
F#,3,127,2520,2550,30,42
F#,3,127,2550,2580,30,42
F#,3,127,2580,2610,30,42
F#,3,127,2670,2700,30,42
F#,3,127,2700,2730,30,42
F#,3,127,2730,2760,30,42
F#,3,127,2760,2790,30,42
F#,3,127,2790,2820,30,42
F#,3,127,2820,2850,30,42
F#,3,127,2910,2940,30,42
F#,3,127,2940,2970,30,42
F#,3,127,2970,3000,30,42
F#,3,127,3000,3030,30,42
F#,3,127,3030,3060,30,42
F#,3,127,3060,3090,30,42
F#,3,127,3150,3180,30,42
F#,3,127,3180,3210,30,42
F#,3,127,3210,3240,30,42
F#,3,127,3240,3270,30,42
F#,3,127,3270,3300,30,42
F#,3,127,3300,3330,30,42
F#,3,127,3390,3420,30,42
F#,3,127,3420,3450,30,42
F#,3,127,3450,3480,30,42
F#,3,127,3480,3510,30,42
F#,3,127,3510,3540,30,42
F#,3,127,3540,3570,30,42
F#,3,127,3630,3660,30,42
F#,3,127,3660,3690,30,42
F#,3,127,3690,3720,30,42
F#,3,127,3720,3750,30,42
F#,3,127,3750,3780,30,42
F#,3,127,3780,3810,30,42
F#,3,127,3870,3900,30,42
F#,3,127,3900,3930,30,42
F#,3,127,3990,4020,30,42
F#,3,127,4020,4050,30,42
F#,3,127,4050,4080,30,42
F#,3,127,4110,4140,30,42
F#,3,127,4140,4170,30,42
F#,3,127,4230,4260,30,42
F#,3,127,4260,4290,30,42
F#,3,127,4290,4320,30,42
F#,3,127,4350,4380,30,42
F#,3,127,4380,4410,30,42
F#,3,127,4410,4440,30,42
F#,3,127,4440,4470,30,42
F#,3,127,4470,4500,30,42
F#,3,127,4500,4530,30,42
F#,3,127,4590,4620,30,42
F#,3,127,4620,4650,30,42
F#,3,127,4650,4680,30,42
F#,3,127,4680,4710,30,42
F#,3,127,4710,4740,30,42
F#,3,127,4740,4770,30,42
F#,3,127,4830,4860,30,42
F#,3,127,4860,4890,30,42
F#,3,127,4890,4920,30,42
F#,3,127,4920,4950,30,42
F#,3,127,4950,4980,30,42
F#,3,127,4980,5010,30,42
F#,3,127,5070,5100,30,42
F#,3,127,5100,5130,30,42
F#,3,127,5130,5160,30,42
F#,3,127,5160,5190,30,42
F#,3,127,5190,5220,30,42
F#,3,127,5220,5250,30,42
F#,3,127,5310,5340,30,42
F#,3,127,5340,5370,30,42
F#,3,127,5370,5400,30,42
F#,3,127,5400,5430,30,42
F#,3,127,5430,5460,30,42
F#,3,127,5460,5490,30,42
F#,3,127,5550,5580,30,42
F#,3,127,5580,5610,30,42
F#,3,127,5610,5640,30,42
F#,3,127,5640,5670,30,42
F#,3,127,5670,5700,30,42
F#,3,127,5700,5730,30,42
F#,3,127,5790,5820,30,42
F#,3,127,5820,5850,30,42
F#,3,127,5910,5940,30,42
F#,3,127,5940,5970,30,42
F#,3,127,5970,6000,30,42
F#,3,127,6030,6060,30,42
F#,3,127,6060,6090,30,42
F#,3,127,6150,6180,30,42
F#,3,127,6180,6210,30,42
F#,3,127,6210,6240,30,42
F#,3,127,6270,6300,30,42
F#,3,127,6300,6330,30,42
F#,3,127,6330,6360,30,42
F#,3,127,6360,6390,30,42
F#,3,127,6390,6420,30,42
F#,3,127,6420,6450,30,42
F#,3,127,6510,6540,30,42
F#,3,127,6540,6570,30,42
F#,3,127,6570,6600,30,42
F#,3,127,6600,6630,30,42
F#,3,127,6630,6660,30,42
F#,3,127,6660,6690,30,42
F#,3,127,6750,6780,30,42
F#,3,127,6780,6810,30,42
F#,3,127,6810,6840,30,42
F#,3,127,6840,6870,30,42
F#,3,127,6870,6900,30,42
F#,3,127,6900,6930,30,42
F#,3,127,6990,7020,30,42
F#,3,127,7020,7050,30,42
F#,3,127,7050,7080,30,42
F#,3,127,7080,7110,30,42
F#,3,127,7110,7140,30,42
F#,3,127,7140,7170,30,42
F#,3,127,7230,7260,30,42
F#,3,127,7260,7290,30,42
F#,3,127,7290,7320,30,42
F#,3,127,7320,7350,30,42
F#,3,127,7350,7380,30,42
F#,3,127,7380,7410,30,42
F#,3,127,7470,7500,30,42
F#,3,127,7500,7530,30,42
F#,3,127,7530,7560,30,42
F#,3,127,7560,7590,30,42
F#,3,127,7590,7620,30,42
F#,3,127,7620,7650,30,42
F#,3,127,7710,7740,30,42
F#,3,127,7740,7770,30,42
F#,3,127,7830,7860,30,42
F#,3,127,7860,7890,30,42
F#,3,127,7890,7920,30,42
F#,3,127,7950,7980,30,42
F#,3,127,7980,8010,30,42
F#,3,127,8070,8100,30,42
F#,3,127,8100,8130,30,42
F#,3,127,8130,8160,30,42
F#,3,127,8190,8220,30,42
F#,3,127,8220,8250,30,42
F#,3,127,8250,8280,30,42
F#,3,127,8280,8310,30,42
F#,3,127,8310,8340,30,42
F#,3,127,8340,8370,30,42
F#,3,127,8430,8460,30,42
F#,3,127,8460,8490,30,42
F#,3,127,8490,8520,30,42
F#,3,127,8520,8550,30,42
F#,3,127,8550,8580,30,42
F#,3,127,8580,8610,30,42
F#,3,127,8670,8700,30,42
F#,3,127,8700,8730,30,42
F#,3,127,8730,8760,30,42
F#,3,127,8760,8790,30,42
F#,3,127,8790,8820,30,42
F#,3,127,8820,8850,30,42
F#,3,127,8910,8940,30,42
F#,3,127,8940,8970,30,42
F#,3,127,8970,9000,30,42
F#,3,127,9000,9030,30,42
F#,3,127,9030,9060,30,42
F#,3,127,9060,9090,30,42
F#,3,127,9150,9180,30,42
F#,3,127,9180,9210,30,42
F#,3,127,9210,9240,30,42
F#,3,127,9240,9270,30,42
F#,3,127,9270,9300,30,42
F#,3,127,9300,9330,30,42
F#,3,127,9390,9420,30,42
F#,3,127,9420,9450,30,42
F#,3,127,9450,9480,30,42
F#,3,127,9480,9510,30,42
F#,3,127,9510,9540,30,42
F#,3,127,9540,9570,30,42
F#,3,127,9630,9660,30,42
F#,3,127,9660,9690,30,42
F#,3,127,9750,9780,30,42
F#,3,127,9780,9810,30,42
F#,3,127,9810,9840,30,42
F#,3,127,9870,9900,30,42
F#,3,127,9900,9930,30,42
F#,3,127,9990,10020,30,42
F#,3,127,10020,10050,30,42
F#,3,127,10050,10080,30,42
F#,3,127,10110,10140,30,42
F#,3,127,10140,10170,30,42
F#,3,127,10170,10200,30,42
F#,3,127,10200,10230,30,42
F#,3,127,10230,10260,30,42
F#,3,127,10260,10290,30,42
F#,3,127,10350,10380,30,42
F#,3,127,10380,10410,30,42
F#,3,127,10410,10440,30,42
F#,3,127,10440,10470,30,42
F#,3,127,10470,10500,30,42
F#,3,127,10500,10530,30,42
F#,3,127,10590,10620,30,42
F#,3,127,10620,10650,30,42
F#,3,127,10650,10680,30,42
F#,3,127,10680,10710,30,42
F#,3,127,10710,10740,30,42
F#,3,127,10740,10770,30,42
F#,3,127,10830,10860,30,42
F#,3,127,10860,10890,30,42
F#,3,127,10890,10920,30,42
F#,3,127,10920,10950,30,42
F#,3,127,10950,10980,30,42
F#,3,127,10980,11010,30,42
F#,3,127,11070,11100,30,42
F#,3,127,11100,11130,30,42
F#,3,127,11130,11160,30,42
F#,3,127,11160,11190,30,42
F#,3,127,11190,11220,30,42
F#,3,127,11220,11250,30,42
F#,3,127,11310,11340,30,42
F#,3,127,11340,11370,30,42
F#,3,127,11370,11400,30,42
F#,3,127,11400,11430,30,42
F#,3,127,11430,11460,30,42
F#,3,127,11460,11490,30,42
F#,3,127,11550,11580,30,42
F#,3,127,11580,11610,30,42
F#,3,127,11670,11700,30,42
F#,3,127,11700,11730,30,42
F#,3,127,11730,11760,30,42
F#,3,127,11790,11820,30,42
F#,3,127,11820,11850,30,42
F#,3,127,11910,11940,30,42
F#,3,127,11940,11970,30,42
F#,3,127,11970,12000,30,42
F#,3,127,12030,12060,30,42
F#,3,127,12060,12090,30,42
F#,3,127,12090,12120,30,42
F#,3,127,12120,12150,30,42
F#,3,127,12150,12180,30,42
F#,3,127,12180,12210,30,42
F#,3,127,12270,12300,30,42
F#,3,127,12300,12330,30,42
F#,3,127,12330,12360,30,42
F#,3,127,12360,12390,30,42
F#,3,127,12390,12420,30,42
F#,3,127,12420,12450,30,42
F#,3,127,12510,12540,30,42
F#,3,127,12540,12570,30,42
F#,3,127,12570,12600,30,42
F#,3,127,12600,12630,30,42
F#,3,127,12630,12660,30,42
F#,3,127,12660,12690,30,42
F#,3,127,12750,12780,30,42
F#,3,127,12780,12810,30,42
F#,3,127,12810,12840,30,42
F#,3,127,12840,12870,30,42
F#,3,127,12870,12900,30,42
F#,3,127,12900,12930,30,42
F#,3,127,12990,13020,30,42
F#,3,127,13020,13050,30,42
F#,3,127,13050,13080,30,42
F#,3,127,13080,13110,30,42
F#,3,127,13110,13140,30,42
F#,3,127,13140,13170,30,42
F#,3,127,13230,13260,30,42
F#,3,127,13260,13290,30,42
F#,3,127,13290,13320,30,42
F#,3,127,13320,13350,30,42
F#,3,127,13350,13380,30,42
F#,3,127,13380,13410,30,42
F#,3,127,13470,13500,30,42
F#,3,127,13500,13530,30,42
F#,3,127,13590,13620,30,42
F#,3,127,13620,13650,30,42
F#,3,127,13650,13680,30,42
F#,3,127,13710,13740,30,42
F#,3,127,13740,13770,30,42
F#,3,127,13830,13860,30,42
F#,3,127,13860,13890,30,42
F#,3,127,13890,13920,30,42
F#,3,127,13950,13980,30,42
F#,3,127,13980,14010,30,42
F#,3,127,14010,14040,30,42
F#,3,127,14040,14070,30,42
F#,3,127,14070,14100,30,42
F#,3,127,14100,14130,30,42
F#,3,127,14190,14220,30,42
F#,3,127,14220,14250,30,42
F#,3,127,14250,14280,30,42
F#,3,127,14280,14310,30,42
F#,3,127,14310,14340,30,42
F#,3,127,14340,14370,30,42
F#,3,127,14430,14460,30,42
F#,3,127,14460,14490,30,42
F#,3,127,14490,14520,30,42
F#,3,127,14520,14550,30,42
F#,3,127,14550,14580,30,42
F#,3,127,14580,14610,30,42
F#,3,127,14670,14700,30,42
F#,3,127,14700,14730,30,42
F#,3,127,14730,14760,30,42
F#,3,127,14760,14790,30,42
F#,3,127,14790,14820,30,42
F#,3,127,14820,14850,30,42
F#,3,127,14910,14940,30,42
F#,3,127,14940,14970,30,42
F#,3,127,14970,15000,30,42
F#,3,127,15000,15030,30,42
F#,3,127,15030,15060,30,42
F#,3,127,15060,15090,30,42
F#,3,127,15150,15180,30,42
F#,3,127,15180,15210,30,42
F#,3,127,15210,15240,30,42
F#,3,127,15240,15270,30,42
F#,3,127,15270,15300,30,42
F#,3,127,15300,15330,30,42
F#,3,127,15390,15420,30,42
F#,3,127,15420,15450,30,42
F#,3,127,15510,15540,30,42
F#,3,127,15540,15570,30,42
F#,3,127,15570,15600,30,42
F#,3,127,15630,15660,30,42
F#,3,127,15660,15690,30,42
F#,3,127,15750,15780,30,42
F#,3,127,15780,15810,30,42
F#,3,127,15810,15840,30,42
F#,3,127,15870,15900,30,42
F#,3,127,15900,15930,30,42
F#,3,127,15930,15960,30,42
F#,3,127,15960,15990,30,42
F#,3,127,15990,16020,30,42
F#,3,127,16020,16050,30,42
F#,3,127,16110,16140,30,42
F#,3,127,16140,16170,30,42
F#,3,127,16170,16200,30,42
F#,3,127,16200,16230,30,42
F#,3,127,16230,16260,30,42
F#,3,127,16260,16290,30,42
F#,3,127,16350,16380,30,42
F#,3,127,16380,16410,30,42
F#,3,127,16410,16440,30,42
F#,3,127,16440,16470,30,42
F#,3,127,16470,16500,30,42
F#,3,127,16500,16530,30,42
F#,3,127,16590,16620,30,42
F#,3,127,16620,16650,30,42
F#,3,127,16650,16680,30,42
F#,3,127,16680,16710,30,42
F#,3,127,16710,16740,30,42
F#,3,127,16740,16770,30,42
F#,3,127,16830,16860,30,42
F#,3,127,16860,16890,30,42
F#,3,127,16890,16920,30,42
F#,3,127,16920,16950,30,42
F#,3,127,16950,16980,30,42
F#,3,127,16980,17010,30,42
F#,3,127,17070,17100,30,42
F#,3,127,17100,17130,30,42
F#,3,127,17130,17160,30,42
F#,3,127,17160,17190,30,42
F#,3,127,17190,17220,30,42
F#,3,127,17220,17250,30,42
F#,3,127,17310,17340,30,42
F#,3,127,17340,17370,30,42
F#,3,127,17430,17460,30,42
F#,3,127,17460,17490,30,42
F#,3,127,17490,17520,30,42
F#,3,127,17550,17580,30,42
F#,3,127,17580,17610,30,42
F#,3,127,17670,17700,30,42
F#,3,127,17700,17730,30,42
F#,3,127,17730,17760,30,42
F#,3,127,17790,17820,30,42
F#,3,127,17820,17850,30,42
F#,3,127,17850,17880,30,42
F#,3,127,17880,17910,30,42
F#,3,127,17910,17940,30,42
F#,3,127,17940,17970,30,42
F#,3,127,18030,18060,30,42
F#,3,127,18060,18090,30,42
F#,3,127,18090,18120,30,42
F#,3,127,18120,18150,30,42
F#,3,127,18150,18180,30,42
F#,3,127,18180,18210,30,42
F#,3,127,18270,18300,30,42
F#,3,127,18300,18330,30,42
F#,3,127,18330,18360,30,42
F#,3,127,18360,18390,30,42
F#,3,127,18390,18420,30,42
F#,3,127,18420,18450,30,42
F#,3,127,18510,18540,30,42
F#,3,127,18540,18570,30,42
F#,3,127,18570,18600,30,42
F#,3,127,18600,18630,30,42
F#,3,127,18630,18660,30,42
F#,3,127,18660,18690,30,42
F#,3,127,18750,18780,30,42
F#,3,127,18780,18810,30,42
F#,3,127,18810,18840,30,42
F#,3,127,18840,18870,30,42
F#,3,127,18870,18900,30,42
F#,3,127,18900,18930,30,42
F#,3,127,18990,19020,30,42
F#,3,127,19020,19050,30,42
F#,3,127,19050,19080,30,42
F#,3,127,19080,19110,30,42
F#,3,127,19110,19140,30,42
F#,3,127,19140,19170,30,42
F#,3,127,19230,19260,30,42
F#,3,127,19260,19290,30,42
F#,3,127,19350,19380,30,42
F#,3,127,19380,19410,30,42
F#,3,127,19410,19440,30,42
F#,3,127,19470,19500,30,42
F#,3,127,19500,19530,30,42
F#,3,127,19590,19620,30,42
F#,3,127,19620,19650,30,42
F#,3,127,19650,19680,30,42
F#,3,127,19710,19740,30,42
F#,3,127,19740,19770,30,42
F#,3,127,19770,19800,30,42
F#,3,127,19800,19830,30,42
F#,3,127,19830,19860,30,42
F#,3,127,19860,19890,30,42
F#,3,127,19950,19980,30,42
F#,3,127,19980,20010,30,42
F#,3,127,20010,20040,30,42
F#,3,127,20040,20070,30,42
F#,3,127,20070,20100,30,42
F#,3,127,20100,20130,30,42
F#,3,127,20190,20220,30,42
F#,3,127,20220,20250,30,42
F#,3,127,20250,20280,30,42
F#,3,127,20280,20310,30,42
F#,3,127,20310,20340,30,42
F#,3,127,20340,20370,30,42
F#,3,127,20430,20460,30,42
F#,3,127,20460,20490,30,42
F#,3,127,20490,20520,30,42
F#,3,127,20520,20550,30,42
F#,3,127,20550,20580,30,42
F#,3,127,20580,20610,30,42
F#,3,127,20670,20700,30,42
F#,3,127,20700,20730,30,42
F#,3,127,20730,20760,30,42
F#,3,127,20760,20790,30,42
F#,3,127,20790,20820,30,42
F#,3,127,20820,20850,30,42
F#,3,127,20910,20940,30,42
F#,3,127,20940,20970,30,42
F#,3,127,20970,21000,30,42
F#,3,127,21000,21030,30,42
F#,3,127,21030,21060,30,42
F#,3,127,21060,21090,30,42
F#,3,127,21150,21180,30,42
F#,3,127,21180,21210,30,42
F#,3,127,21270,21300,30,42
F#,3,127,21300,21330,30,42
F#,3,127,21330,21360,30,42
F#,3,127,21390,21420,30,42
F#,3,127,21420,21450,30,42
F#,3,127,21510,21540,30,42
F#,3,127,21540,21570,30,42
F#,3,127,21570,21600,30,42
F#,3,127,21630,21660,30,42
F#,3,127,21660,21690,30,42
F#,3,127,21690,21720,30,42
F#,3,127,21720,21750,30,42
F#,3,127,21750,21780,30,42
F#,3,127,21780,21810,30,42
F#,3,127,21870,21900,30,42
F#,3,127,21900,21930,30,42
F#,3,127,21930,21960,30,42
F#,3,127,21960,21990,30,42
F#,3,127,21990,22020,30,42
F#,3,127,22020,22050,30,42
F#,3,127,22110,22140,30,42
F#,3,127,22140,22170,30,42
F#,3,127,22170,22200,30,42
F#,3,127,22200,22230,30,42
F#,3,127,22230,22260,30,42
F#,3,127,22260,22290,30,42
F#,3,127,22350,22380,30,42
F#,3,127,22380,22410,30,42
F#,3,127,22410,22440,30,42
F#,3,127,22440,22470,30,42
F#,3,127,22470,22500,30,42
F#,3,127,22500,22530,30,42
F#,3,127,22590,22620,30,42
F#,3,127,22620,22650,30,42
F#,3,127,22650,22680,30,42
F#,3,127,22680,22710,30,42
F#,3,127,22710,22740,30,42
F#,3,127,22740,22770,30,42
F#,3,127,22830,22860,30,42
F#,3,127,22860,22890,30,42
F#,3,127,22890,22920,30,42
F#,3,127,22920,22950,30,42
F#,3,127,22950,22980,30,42
F#,3,127,22980,23010,30,42
F#,3,127,23070,23100,30,42
F#,3,127,23100,23130,30,42
F#,3,127,23190,23220,30,42
F#,3,127,23220,23250,30,42
F#,3,127,23250,23280,30,42
F#,3,127,23310,23340,30,42
F#,3,127,23340,23370,30,42
F#,3,127,23430,23460,30,42
F#,3,127,23460,23490,30,42
F#,3,127,23490,23520,30,42
F#,3,127,23550,23580,30,42
F#,3,127,23580,23610,30,42
F#,3,127,23610,23640,30,42
F#,3,127,23640,23670,30,42
F#,3,127,23670,23700,30,42
F#,3,127,23700,23730,30,42
F#,3,127,23790,23820,30,42
F#,3,127,23820,23850,30,42
F#,3,127,23850,23880,30,42
F#,3,127,23880,23910,30,42
F#,3,127,23910,23940,30,42
F#,3,127,23940,23970,30,42
F#,3,127,24030,24060,30,42
F#,3,127,24060,24090,30,42
F#,3,127,24090,24120,30,42
F#,3,127,24120,24150,30,42
F#,3,127,24150,24180,30,42
F#,3,127,24180,24210,30,42
F#,3,127,24270,24300,30,42
F#,3,127,24300,24330,30,42
F#,3,127,24330,24360,30,42
F#,3,127,24360,24390,30,42
F#,3,127,24390,24420,30,42
F#,3,127,24420,24450,30,42
F#,3,127,24510,24540,30,42
F#,3,127,24540,24570,30,42
F#,3,127,24570,24600,30,42
F#,3,127,24600,24630,30,42
F#,3,127,24630,24660,30,42
F#,3,127,24660,24690,30,42
F#,3,127,24750,24780,30,42
F#,3,127,24780,24810,30,42
F#,3,127,24810,24840,30,42
F#,3,127,24840,24870,30,42
F#,3,127,24870,24900,30,42
F#,3,127,24900,24930,30,42
F#,3,127,24990,25020,30,42
F#,3,127,25020,25050,30,42
F#,3,127,25110,25140,30,42
F#,3,127,25140,25170,30,42
F#,3,127,25170,25200,30,42
F#,3,127,25230,25260,30,42
F#,3,127,25260,25290,30,42
F#,3,127,25350,25380,30,42
F#,3,127,25380,25410,30,42
F#,3,127,25410,25440,30,42
F#,3,127,25470,25500,30,42
F#,3,127,25500,25530,30,42
F#,3,127,25530,25560,30,42
F#,3,127,25560,25590,30,42
F#,3,127,25590,25620,30,42
F#,3,127,25620,25650,30,42
F#,3,127,25710,25740,30,42
F#,3,127,25740,25770,30,42
F#,3,127,25770,25800,30,42
F#,3,127,25800,25830,30,42
F#,3,127,25830,25860,30,42
F#,3,127,25860,25890,30,42
F#,3,127,25950,25980,30,42
F#,3,127,25980,26010,30,42
F#,3,127,26010,26040,30,42
F#,3,127,26040,26070,30,42
F#,3,127,26070,26100,30,42
F#,3,127,26100,26130,30,42
F#,3,127,26190,26220,30,42
F#,3,127,26220,26250,30,42
F#,3,127,26250,26280,30,42
F#,3,127,26280,26310,30,42
F#,3,127,26310,26340,30,42
F#,3,127,26340,26370,30,42
F#,3,127,26430,26460,30,42
F#,3,127,26460,26490,30,42
F#,3,127,26490,26520,30,42
F#,3,127,26520,26550,30,42
F#,3,127,26550,26580,30,42
F#,3,127,26580,26610,30,42
F#,3,127,26670,26700,30,42
F#,3,127,26700,26730,30,42
F#,3,127,26730,26760,30,42
F#,3,127,26760,26790,30,42
F#,3,127,26790,26820,30,42
F#,3,127,26820,26850,30,42
F#,3,127,26910,26940,30,42
F#,3,127,26940,26970,30,42
F#,3,127,27030,27060,30,42
F#,3,127,27060,27090,30,42
F#,3,127,27090,27120,30,42
F#,3,127,27150,27180,30,42
F#,3,127,27180,27210,30,42
F#,3,127,27270,27300,30,42
F#,3,127,27300,27330,30,42
F#,3,127,27330,27360,30,42
F#,3,127,27390,27420,30,42
F#,3,127,27420,27450,30,42
F#,3,127,27450,27480,30,42
F#,3,127,27480,27510,30,42
F#,3,127,27510,27540,30,42
F#,3,127,27540,27570,30,42
F#,3,127,27630,27660,30,42
F#,3,127,27660,27690,30,42
F#,3,127,27690,27720,30,42
F#,3,127,27720,27750,30,42
F#,3,127,27750,27780,30,42
F#,3,127,27780,27810,30,42
F#,3,127,27870,27900,30,42
F#,3,127,27900,27930,30,42
F#,3,127,27930,27960,30,42
F#,3,127,27960,27990,30,42
F#,3,127,27990,28020,30,42
F#,3,127,28020,28050,30,42
F#,3,127,28110,28140,30,42
F#,3,127,28140,28170,30,42
F#,3,127,28170,28200,30,42
F#,3,127,28200,28230,30,42
F#,3,127,28230,28260,30,42
F#,3,127,28260,28290,30,42
F#,3,127,28350,28380,30,42
F#,3,127,28380,28410,30,42
F#,3,127,28410,28440,30,42
F#,3,127,28440,28470,30,42
F#,3,127,28470,28500,30,42
F#,3,127,28500,28530,30,42
F#,3,127,28590,28620,30,42
F#,3,127,28620,28650,30,42
F#,3,127,28650,28680,30,42
F#,3,127,28680,28710,30,42
F#,3,127,28710,28740,30,42
F#,3,127,28740,28770,30,42
F#,3,127,28830,28860,30,42
F#,3,127,28860,28890,30,42
F#,3,127,28950,28980,30,42
F#,3,127,28980,29010,30,42
F#,3,127,29010,29040,30,42
F#,3,127,29070,29100,30,42
F#,3,127,29100,29130,30,42
F#,3,127,29190,29220,30,42
F#,3,127,29220,29250,30,42
F#,3,127,29250,29280,30,42
F#,3,127,29310,29340,30,42
F#,3,127,29340,29370,30,42
F#,3,127,29370,29400,30,42
F#,3,127,29400,29430,30,42
F#,3,127,29430,29460,30,42
F#,3,127,29460,29490,30,42
F#,3,127,29550,29580,30,42
F#,3,127,29580,29610,30,42
F#,3,127,29610,29640,30,42
F#,3,127,29640,29670,30,42
F#,3,127,29670,29700,30,42
F#,3,127,29700,29730,30,42
F#,3,127,29790,29820,30,42
F#,3,127,29820,29850,30,42
F#,3,127,29850,29880,30,42
F#,3,127,29880,29910,30,42
F#,3,127,29910,29940,30,42
F#,3,127,29940,29970,30,42
F#,3,127,30030,30060,30,42
F#,3,127,30060,30090,30,42
F#,3,127,30090,30120,30,42
F#,3,127,30120,30150,30,42
F#,3,127,30150,30180,30,42
F#,3,127,30180,30210,30,42
F#,3,127,30270,30300,30,42
F#,3,127,30300,30330,30,42
F#,3,127,30330,30360,30,42
F#,3,127,30360,30390,30,42
F#,3,127,30390,30420,30,42
F#,3,127,30420,30450,30,42
F#,3,127,30510,30540,30,42
F#,3,127,30540,30570,30,42
F#,3,127,30570,30600,30,42
F#,3,127,30600,30630,30,42
F#,3,127,30630,30660,30,42
F#,3,127,30660,30690,30,42
F#,3,127,30750,30780,30,42
F#,3,127,30780,30810,30,42
F#,3,127,30870,30900,30,42
F#,3,127,30900,30930,30,42
F#,3,127,30930,30960,30,42
F#,3,127,30990,31020,30,42
F#,3,127,31020,31050,30,42
F#,3,127,31110,31140,30,42
F#,3,127,31140,31170,30,42
F#,3,127,31170,31200,30,42
F#,3,127,31230,31260,30,42
F#,3,127,31260,31290,30,42
F#,3,127,31290,31320,30,42
F#,3,127,31320,31350,30,42
F#,3,127,31350,31380,30,42
F#,3,127,31380,31410,30,42
F#,3,127,31470,31500,30,42
F#,3,127,31500,31530,30,42
F#,3,127,31530,31560,30,42
F#,3,127,31560,31590,30,42
F#,3,127,31590,31620,30,42
F#,3,127,31620,31650,30,42
F#,3,127,31710,31740,30,42
F#,3,127,31740,31770,30,42
F#,3,127,31770,31800,30,42
F#,3,127,31800,31830,30,42
F#,3,127,31830,31860,30,42
F#,3,127,31860,31890,30,42
F#,3,127,31950,31980,30,42
F#,3,127,31980,32010,30,42
F#,3,127,32010,32040,30,42
F#,3,127,32040,32070,30,42
F#,3,127,32070,32100,30,42
F#,3,127,32100,32130,30,42
F#,3,127,32190,32220,30,42
F#,3,127,32220,32250,30,42
F#,3,127,32250,32280,30,42
F#,3,127,32280,32310,30,42
F#,3,127,32310,32340,30,42
F#,3,127,32340,32370,30,42
F#,3,127,32430,32460,30,42
F#,3,127,32460,32490,30,42
F#,3,127,32490,32520,30,42
F#,3,127,32520,32550,30,42
F#,3,127,32550,32580,30,42
F#,3,127,32580,32610,30,42
F#,3,127,32670,32700,30,42
F#,3,127,32700,32730,30,42
F#,3,127,32790,32820,30,42
F#,3,127,32820,32850,30,42
F#,3,127,32850,32880,30,42
F#,3,127,32910,32940,30,42
F#,3,127,32940,32970,30,42
F#,3,127,33030,33060,30,42
F#,3,127,33060,33090,30,42
F#,3,127,33090,33120,30,42
F#,3,127,33150,33180,30,42
F#,3,127,33180,33210,30,42
F#,3,127,33210,33240,30,42
F#,3,127,33240,33270,30,42
F#,3,127,33270,33300,30,42
F#,3,127,33300,33330,30,42
F#,3,127,33390,33420,30,42
F#,3,127,33420,33450,30,42
F#,3,127,33450,33480,30,42
F#,3,127,33480,33510,30,42
F#,3,127,33510,33540,30,42
F#,3,127,33540,33570,30,42
F#,3,127,33630,33660,30,42
F#,3,127,33660,33690,30,42
F#,3,127,33690,33720,30,42
F#,3,127,33720,33750,30,42
F#,3,127,33750,33780,30,42
F#,3,127,33780,33810,30,42
F#,3,127,33870,33900,30,42
F#,3,127,33900,33930,30,42
F#,3,127,33930,33960,30,42
F#,3,127,33960,33990,30,42
F#,3,127,33990,34020,30,42
F#,3,127,34020,34050,30,42
F#,3,127,34110,34140,30,42
F#,3,127,34140,34170,30,42
F#,3,127,34170,34200,30,42
F#,3,127,34200,34230,30,42
F#,3,127,34230,34260,30,42
F#,3,127,34260,34290,30,42
F#,3,127,34350,34380,30,42
F#,3,127,34380,34410,30,42
F#,3,127,34410,34440,30,42
F#,3,127,34440,34470,30,42
F#,3,127,34470,34500,30,42
F#,3,127,34500,34530,30,42
F#,3,127,34590,34620,30,42
F#,3,127,34620,34650,30,42
F#,3,127,34710,34740,30,42
F#,3,127,34740,34770,30,42
F#,3,127,34770,34800,30,42
F#,3,127,34830,34860,30,42
F#,3,127,34860,34890,30,42
F#,3,127,34950,34980,30,42
F#,3,127,34980,35010,30,42
F#,3,127,35010,35040,30,42
F#,3,127,35070,35100,30,42
F#,3,127,35100,35130,30,42
F#,3,127,35130,35160,30,42
F#,3,127,35160,35190,30,42
F#,3,127,35190,35220,30,42
F#,3,127,35220,35250,30,42
F#,3,127,35310,35340,30,42
F#,3,127,35340,35370,30,42
F#,3,127,35370,35400,30,42
F#,3,127,35400,35430,30,42
F#,3,127,35430,35460,30,42
F#,3,127,35460,35490,30,42
F#,3,127,35550,35580,30,42
F#,3,127,35580,35610,30,42
F#,3,127,35610,35640,30,42
F#,3,127,35640,35670,30,42
F#,3,127,35670,35700,30,42
F#,3,127,35700,35730,30,42
F#,3,127,35790,35820,30,42
F#,3,127,35820,35850,30,42
F#,3,127,35850,35880,30,42
F#,3,127,35880,35910,30,42
F#,3,127,35910,35940,30,42
F#,3,127,35940,35970,30,42
F#,3,127,36030,36060,30,42
F#,3,127,36060,36090,30,42
F#,3,127,36090,36120,30,42
F#,3,127,36120,36150,30,42
F#,3,127,36150,36180,30,42
F#,3,127,36180,36210,30,42
F#,3,127,36270,36300,30,42
F#,3,127,36300,36330,30,42
F#,3,127,36330,36360,30,42
F#,3,127,36360,36390,30,42
F#,3,127,36390,36420,30,42
F#,3,127,36420,36450,30,42
F#,3,127,36510,36540,30,42
F#,3,127,36540,36570,30,42
F#,3,127,36630,36660,30,42
F#,3,127,36660,36690,30,42
F#,3,127,36690,36720,30,42
F#,3,127,36750,36780,30,42
F#,3,127,36780,36810,30,42
F#,3,127,36870,36900,30,42
F#,3,127,36900,36930,30,42
F#,3,127,36930,36960,30,42
F#,3,127,36990,37020,30,42
F#,3,127,37020,37050,30,42
F#,3,127,37050,37080,30,42
F#,3,127,37080,37110,30,42
F#,3,127,37110,37140,30,42
F#,3,127,37140,37170,30,42
F#,3,127,37230,37260,30,42
F#,3,127,37260,37290,30,42
F#,3,127,37290,37320,30,42
F#,3,127,37320,37350,30,42
F#,3,127,37350,37380,30,42
F#,3,127,37380,37410,30,42
F#,3,127,37470,37500,30,42
F#,3,127,37500,37530,30,42
F#,3,127,37530,37560,30,42
F#,3,127,37560,37590,30,42
F#,3,127,37590,37620,30,42
F#,3,127,37620,37650,30,42
F#,3,127,37710,37740,30,42
F#,3,127,37740,37770,30,42
F#,3,127,37770,37800,30,42
F#,3,127,37800,37830,30,42
F#,3,127,37830,37860,30,42
F#,3,127,37860,37890,30,42
F#,3,127,37950,37980,30,42
F#,3,127,37980,38010,30,42
F#,3,127,38010,38040,30,42
F#,3,127,38040,38070,30,42
F#,3,127,38070,38100,30,42
F#,3,127,38100,38130,30,42
F#,3,127,38190,38220,30,42
F#,3,127,38220,38250,30,42
F#,3,127,38250,38280,30,42
F#,3,127,38280,38310,30,42
F#,3,127,38310,38340,30,42
F#,3,127,38340,38370,30,42
F#,3,127,38430,38460,30,42
F#,3,127,38460,38490,30,42
F#,3,127,38550,38580,30,42
F#,3,127,38580,38610,30,42
F#,3,127,38610,38640,30,42
F#,3,127,38670,38700,30,42
F#,3,127,38700,38730,30,42
F#,3,127,38790,38820,30,42
F#,3,127,38820,38850,30,42
F#,3,127,38850,38880,30,42
F#,3,127,38910,38940,30,42
F#,3,127,38940,38970,30,42
F#,3,127,38970,39000,30,42
F#,3,127,39000,39030,30,42
F#,3,127,39030,39060,30,42
F#,3,127,39060,39090,30,42
F#,3,127,39150,39180,30,42
F#,3,127,39180,39210,30,42
F#,3,127,39210,39240,30,42
F#,3,127,39240,39270,30,42
F#,3,127,39270,39300,30,42
F#,3,127,39300,39330,30,42
F#,3,127,39390,39420,30,42
F#,3,127,39420,39450,30,42
F#,3,127,39450,39480,30,42
F#,3,127,39480,39510,30,42
F#,3,127,39510,39540,30,42
F#,3,127,39540,39570,30,42
F#,3,127,39630,39660,30,42
F#,3,127,39660,39690,30,42
F#,3,127,39690,39720,30,42
F#,3,127,39720,39750,30,42
F#,3,127,39750,39780,30,42
F#,3,127,39780,39810,30,42
F#,3,127,39870,39900,30,42
F#,3,127,39900,39930,30,42
F#,3,127,39930,39960,30,42
F#,3,127,39960,39990,30,42
F#,3,127,39990,40020,30,42
F#,3,127,40020,40050,30,42
F#,3,127,40110,40140,30,42
F#,3,127,40140,40170,30,42
F#,3,127,40170,40200,30,42
F#,3,127,40200,40230,30,42
F#,3,127,40230,40260,30,42
F#,3,127,40260,40290,30,42
F#,3,127,40350,40380,30,42
F#,3,127,40380,40410,30,42
F#,3,127,40470,40500,30,42
F#,3,127,40500,40530,30,42
F#,3,127,40530,40560,30,42
F#,3,127,40590,40620,30,42
F#,3,127,40620,40650,30,42
F#,3,127,40710,40740,30,42
F#,3,127,40740,40770,30,42
F#,3,127,40770,40800,30,42
F#,3,127,40830,40860,30,42
F#,3,127,40860,40890,30,42
F#,3,127,40890,40920,30,42
F#,3,127,40920,40950,30,42
F#,3,127,40950,40980,30,42
F#,3,127,40980,41010,30,42
F#,3,127,41070,41100,30,42
F#,3,127,41100,41130,30,42
F#,3,127,41130,41160,30,42
F#,3,127,41160,41190,30,42
F#,3,127,41190,41220,30,42
F#,3,127,41220,41250,30,42
F#,3,127,41310,41340,30,42
F#,3,127,41340,41370,30,42
F#,3,127,41370,41400,30,42
F#,3,127,41400,41430,30,42
F#,3,127,41430,41460,30,42
F#,3,127,41460,41490,30,42
F#,3,127,41550,41580,30,42
F#,3,127,41580,41610,30,42
F#,3,127,41610,41640,30,42
F#,3,127,41640,41670,30,42
F#,3,127,41670,41700,30,42
F#,3,127,41700,41730,30,42
F#,3,127,41790,41820,30,42
F#,3,127,41820,41850,30,42
F#,3,127,41850,41880,30,42
F#,3,127,41880,41910,30,42
F#,3,127,41910,41940,30,42
F#,3,127,41940,41970,30,42
F#,3,127,42030,42060,30,42
F#,3,127,42060,42090,30,42
F#,3,127,42090,42120,30,42
F#,3,127,42120,42150,30,42
F#,3,127,42150,42180,30,42
F#,3,127,42180,42210,30,42
F#,3,127,42270,42300,30,42
F#,3,127,42300,42330,30,42
F#,3,127,42390,42420,30,42
F#,3,127,42420,42450,30,42
F#,3,127,42450,42480,30,42
F#,3,127,42510,42540,30,42
F#,3,127,42540,42570,30,42
F#,3,127,42630,42660,30,42
F#,3,127,42660,42690,30,42
F#,3,127,42690,42720,30,42
F#,3,127,42750,42780,30,42
F#,3,127,42780,42810,30,42
F#,3,127,42810,42840,30,42
F#,3,127,42840,42870,30,42
F#,3,127,42870,42900,30,42
F#,3,127,42900,42930,30,42
F#,3,127,42990,43020,30,42
F#,3,127,43020,43050,30,42
F#,3,127,43050,43080,30,42
F#,3,127,43080,43110,30,42
F#,3,127,43110,43140,30,42
F#,3,127,43140,43170,30,42
F#,3,127,43230,43260,30,42
F#,3,127,43260,43290,30,42
F#,3,127,43290,43320,30,42
F#,3,127,43320,43350,30,42
F#,3,127,43350,43380,30,42
F#,3,127,43380,43410,30,42
F#,3,127,43470,43500,30,42
F#,3,127,43500,43530,30,42
F#,3,127,43530,43560,30,42
F#,3,127,43560,43590,30,42
F#,3,127,43590,43620,30,42
F#,3,127,43620,43650,30,42
F#,3,127,43710,43740,30,42
F#,3,127,43740,43770,30,42
F#,3,127,43770,43800,30,42
F#,3,127,43800,43830,30,42
F#,3,127,43830,43860,30,42
F#,3,127,43860,43890,30,42
F#,3,127,43950,43980,30,42
F#,3,127,43980,44010,30,42
F#,3,127,44010,44040,30,42
F#,3,127,44040,44070,30,42
F#,3,127,44070,44100,30,42
F#,3,127,44100,44130,30,42
F#,3,127,44190,44220,30,42
F#,3,127,44220,44250,30,42
F#,3,127,44310,44340,30,42
F#,3,127,44340,44370,30,42
F#,3,127,44370,44400,30,42
F#,3,127,44430,44460,30,42
F#,3,127,44460,44490,30,42
F#,3,127,44550,44580,30,42
F#,3,127,44580,44610,30,42
F#,3,127,44610,44640,30,42
F#,3,127,44670,44700,30,42
F#,3,127,44700,44730,30,42
F#,3,127,44730,44760,30,42
F#,3,127,44760,44790,30,42
F#,3,127,44790,44820,30,42
F#,3,127,44820,44850,30,42
F#,3,127,44910,44940,30,42
F#,3,127,44940,44970,30,42
F#,3,127,44970,45000,30,42
F#,3,127,45000,45030,30,42
F#,3,127,45030,45060,30,42
F#,3,127,45060,45090,30,42
F#,3,127,45150,45180,30,42
F#,3,127,45180,45210,30,42
F#,3,127,45210,45240,30,42
F#,3,127,45240,45270,30,42
F#,3,127,45270,45300,30,42
F#,3,127,45300,45330,30,42
F#,3,127,45390,45420,30,42
F#,3,127,45420,45450,30,42
F#,3,127,45450,45480,30,42
F#,3,127,45480,45510,30,42
F#,3,127,45510,45540,30,42
F#,3,127,45540,45570,30,42
F#,3,127,45630,45660,30,42
F#,3,127,45660,45690,30,42
F#,3,127,45690,45720,30,42
F#,3,127,45720,45750,30,42
F#,3,127,45750,45780,30,42
F#,3,127,45780,45810,30,42
F#,3,127,45870,45900,30,42
F#,3,127,45900,45930,30,42
F#,3,127,45930,45960,30,42
F#,3,127,45960,45990,30,42
F#,3,127,45990,46020,30,42
F#,3,127,46020,46050,30,42
F#,3,127,46110,46140,30,42
F#,3,127,46140,46170,30,42
F#,3,127,46230,46260,30,42
F#,3,127,46260,46290,30,42
F#,3,127,46290,46320,30,42
F#,3,127,46350,46380,30,42
F#,3,127,46380,46410,30,42
F#,3,127,46470,46500,30,42
F#,3,127,46500,46530,30,42
F#,3,127,46530,46560,30,42
F#,3,127,46590,46620,30,42
F#,3,127,46620,46650,30,42
F#,3,127,46650,46680,30,42
F#,3,127,46680,46710,30,42
F#,3,127,46710,46740,30,42
F#,3,127,46740,46770,30,42
F#,3,127,46830,46860,30,42
F#,3,127,46860,46890,30,42
F#,3,127,46890,46920,30,42
F#,3,127,46920,46950,30,42
F#,3,127,46950,46980,30,42
F#,3,127,46980,47010,30,42
F#,3,127,47070,47100,30,42
F#,3,127,47100,47130,30,42
F#,3,127,47130,47160,30,42
F#,3,127,47160,47190,30,42
F#,3,127,47190,47220,30,42
F#,3,127,47220,47250,30,42
F#,3,127,47310,47340,30,42
F#,3,127,47340,47370,30,42
F#,3,127,47370,47400,30,42
F#,3,127,47400,47430,30,42
F#,3,127,47430,47460,30,42
F#,3,127,47460,47490,30,42
F#,3,127,47550,47580,30,42
F#,3,127,47580,47610,30,42
F#,3,127,47610,47640,30,42
F#,3,127,47640,47670,30,42
F#,3,127,47670,47700,30,42
F#,3,127,47700,47730,30,42
F#,3,127,47790,47820,30,42
F#,3,127,47820,47850,30,42
F#,3,127,47850,47880,30,42
F#,3,127,47880,47910,30,42
F#,3,127,47910,47940,30,42
F#,3,127,47940,47970,30,42
F#,3,127,48030,48060,30,42
F#,3,127,48060,48090,30,42
F#,3,127,48150,48180,30,42
F#,3,127,48180,48210,30,42
F#,3,127,48210,48240,30,42
F#,3,127,48270,48300,30,42
F#,3,127,48300,48330,30,42
F#,3,127,48390,48420,30,42
F#,3,127,48420,48450,30,42
F#,3,127,48450,48480,30,42
F#,3,126,48510,48540,30,42
F#,3,124,48540,48570,30,42
F#,3,122,48570,48600,30,42
F#,3,120,48600,48630,30,42
F#,3,118,48630,48660,30,42
F#,3,116,48660,48690,30,42
F#,3,110,48750,48780,30,42
F#,3,108,48780,48810,30,42
F#,3,106,48810,48840,30,42
F#,3,104,48840,48870,30,42
F#,3,102,48870,48900,30,42
F#,3,100,48900,48930,30,42
F#,3,94,48990,49020,30,42
F#,3,92,49020,49050,30,42
F#,3,90,49050,49080,30,42
F#,3,88,49080,49110,30,42
F#,3,86,49110,49140,30,42
F#,3,84,49140,49170,30,42
F#,3,78,49230,49260,30,42
F#,3,76,49260,49290,30,42
F#,3,74,49290,49320,30,42
F#,3,72,49320,49350,30,42
F#,3,70,49350,49380,30,42
F#,3,68,49380,49410,30,42
F#,3,62,49470,49500,30,42
F#,3,60,49500,49530,30,42
F#,3,58,49530,49560,30,42
F#,3,56,49560,49590,30,42
F#,3,54,49590,49620,30,42
F#,3,52,49620,49650,30,42
F#,3,46,49710,49740,30,42
F#,3,44,49740,49770,30,42
F#,3,42,49770,49800,30,42
F#,3,40,49800,49830,30,42
F#,3,38,49830,49860,30,42
F#,3,36,49860,49890,30,42
F#,3,30,49950,49980,30,42
F#,3,28,49980,50010,30,42
F#,3,22,50070,50100,30,42
F#,3,20,50100,50130,30,42
F#,3,18,50130,50160,30,42
F#,3,14,50190,50220,30,42
F#,3,12,50220,50250,30,42
F#,3,6,50310,50340,30,42
F#,3,4,50340,50370,30,42
F#,3,2,50370,50400,30,42
D#,3,127,840,960,120,39
E,3,127,840,960,120,40
D#,3,127,1080,1170,90,39
E,3,127,1080,1170,90,40
D#,3,127,1320,1440,120,39
E,3,127,1320,1440,120,40
E,3,127,1560,1680,120,40
D#,3,127,1560,1680,120,39
E,3,127,1800,1920,120,40
D#,3,127,1800,1920,120,39
D#,3,127,2280,2370,90,39
E,3,127,2280,2370,90,40
D#,3,127,2520,2610,90,39
E,3,127,2520,2610,90,40
D#,3,127,2760,2880,120,39
E,3,127,2760,2880,120,40
D#,3,127,3000,3090,90,39
E,3,127,3000,3090,90,40
D#,3,127,3240,3360,120,39
E,3,127,3240,3360,120,40
E,3,127,3480,3600,120,40
D#,3,127,3480,3600,120,39
E,3,127,3720,3840,120,40
D#,3,127,3720,3840,120,39
D#,3,127,4200,4290,90,39
E,3,127,4200,4290,90,40
D#,3,127,4440,4530,90,39
E,3,127,4440,4530,90,40
D#,3,127,4680,4800,120,39
E,3,127,4680,4800,120,40
D#,3,127,4920,5010,90,39
E,3,127,4920,5010,90,40
D#,3,127,5160,5280,120,39
E,3,127,5160,5280,120,40
E,3,127,5400,5520,120,40
D#,3,127,5400,5520,120,39
E,3,127,5640,5760,120,40
D#,3,127,5640,5760,120,39
D#,3,127,6120,6210,90,39
E,3,127,6120,6210,90,40
D#,3,127,6360,6450,90,39
E,3,127,6360,6450,90,40
D#,3,127,6600,6720,120,39
E,3,127,6600,6720,120,40
D#,3,127,6840,6930,90,39
E,3,127,6840,6930,90,40
D#,3,127,7080,7200,120,39
E,3,127,7080,7200,120,40
E,3,127,7320,7440,120,40
D#,3,127,7320,7440,120,39
E,3,127,7560,7680,120,40
D#,3,127,7560,7680,120,39
D#,3,127,8040,8130,90,39
E,3,127,8040,8130,90,40
D#,3,127,8280,8370,90,39
E,3,127,8280,8370,90,40
D#,3,127,8520,8640,120,39
E,3,127,8520,8640,120,40
D#,3,127,8760,8850,90,39
E,3,127,8760,8850,90,40
D#,3,127,9000,9120,120,39
E,3,127,9000,9120,120,40
E,3,127,9240,9360,120,40
D#,3,127,9240,9360,120,39
E,3,127,9480,9600,120,40
D#,3,127,9480,9600,120,39
D#,3,127,9960,10050,90,39
E,3,127,9960,10050,90,40
D#,3,127,10200,10290,90,39
E,3,127,10200,10290,90,40
D#,3,127,10440,10560,120,39
E,3,127,10440,10560,120,40
D#,3,127,10680,10770,90,39
E,3,127,10680,10770,90,40
D#,3,127,10920,11040,120,39
E,3,127,10920,11040,120,40
E,3,127,11160,11280,120,40
D#,3,127,11160,11280,120,39
E,3,127,11400,11520,120,40
D#,3,127,11400,11520,120,39
D#,3,127,11880,11970,90,39
E,3,127,11880,11970,90,40
D#,3,127,12120,12210,90,39
E,3,127,12120,12210,90,40
D#,3,127,12360,12480,120,39
E,3,127,12360,12480,120,40
D#,3,127,12600,12690,90,39
E,3,127,12600,12690,90,40
D#,3,127,12840,12960,120,39
E,3,127,12840,12960,120,40
E,3,127,13080,13200,120,40
D#,3,127,13080,13200,120,39
E,3,127,13320,13440,120,40
D#,3,127,13320,13440,120,39
D#,3,127,13800,13890,90,39
E,3,127,13800,13890,90,40
D#,3,127,14040,14130,90,39
E,3,127,14040,14130,90,40
D#,3,127,14280,14400,120,39
E,3,127,14280,14400,120,40
D#,3,127,14520,14610,90,39
E,3,127,14520,14610,90,40
D#,3,127,14760,14880,120,39
E,3,127,14760,14880,120,40
E,3,127,15000,15120,120,40
D#,3,127,15000,15120,120,39
E,3,127,15240,15360,120,40
D#,3,127,15240,15360,120,39
D#,3,127,15720,15810,90,39
E,3,127,15720,15810,90,40
D#,3,127,15960,16050,90,39
E,3,127,15960,16050,90,40
D#,3,127,16200,16320,120,39
E,3,127,16200,16320,120,40
D#,3,127,16440,16530,90,39
E,3,127,16440,16530,90,40
D#,3,127,16680,16800,120,39
E,3,127,16680,16800,120,40
E,3,127,16920,17040,120,40
D#,3,127,16920,17040,120,39
E,3,127,17160,17280,120,40
D#,3,127,17160,17280,120,39
D#,3,127,17640,17730,90,39
E,3,127,17640,17730,90,40
D#,3,127,17880,17970,90,39
E,3,127,17880,17970,90,40
D#,3,127,18120,18240,120,39
E,3,127,18120,18240,120,40
D#,3,127,18360,18450,90,39
E,3,127,18360,18450,90,40
D#,3,127,18600,18720,120,39
E,3,127,18600,18720,120,40
E,3,127,18840,18960,120,40
D#,3,127,18840,18960,120,39
E,3,127,19080,19200,120,40
D#,3,127,19080,19200,120,39
D#,3,127,19560,19650,90,39
E,3,127,19560,19650,90,40
D#,3,127,19800,19890,90,39
E,3,127,19800,19890,90,40
D#,3,127,20040,20160,120,39
E,3,127,20040,20160,120,40
D#,3,127,20280,20370,90,39
E,3,127,20280,20370,90,40
D#,3,127,20520,20640,120,39
E,3,127,20520,20640,120,40
E,3,127,20760,20880,120,40
D#,3,127,20760,20880,120,39
E,3,127,21000,21120,120,40
D#,3,127,21000,21120,120,39
D#,3,127,21480,21570,90,39
E,3,127,21480,21570,90,40
D#,3,127,21720,21810,90,39
E,3,127,21720,21810,90,40
D#,3,127,21960,22080,120,39
E,3,127,21960,22080,120,40
D#,3,127,22200,22290,90,39
E,3,127,22200,22290,90,40
D#,3,127,22440,22560,120,39
E,3,127,22440,22560,120,40
E,3,127,22680,22800,120,40
D#,3,127,22680,22800,120,39
E,3,127,22920,23040,120,40
D#,3,127,22920,23040,120,39
D#,3,127,23400,23490,90,39
E,3,127,23400,23490,90,40
D#,3,127,23640,23730,90,39
E,3,127,23640,23730,90,40
D#,3,127,23880,24000,120,39
E,3,127,23880,24000,120,40
D#,3,127,24120,24210,90,39
E,3,127,24120,24210,90,40
D#,3,127,24360,24480,120,39
E,3,127,24360,24480,120,40
E,3,127,24600,24720,120,40
D#,3,127,24600,24720,120,39
E,3,127,24840,24960,120,40
D#,3,127,24840,24960,120,39
D#,3,127,25320,25410,90,39
E,3,127,25320,25410,90,40
D#,3,127,25560,25650,90,39
E,3,127,25560,25650,90,40
D#,3,127,25800,25920,120,39
E,3,127,25800,25920,120,40
D#,3,127,26040,26130,90,39
E,3,127,26040,26130,90,40
D#,3,127,26280,26400,120,39
E,3,127,26280,26400,120,40
E,3,127,26520,26640,120,40
D#,3,127,26520,26640,120,39
E,3,127,26760,26880,120,40
D#,3,127,26760,26880,120,39
D#,3,127,27240,27330,90,39
E,3,127,27240,27330,90,40
D#,3,127,27480,27570,90,39
E,3,127,27480,27570,90,40
D#,3,127,27720,27840,120,39
E,3,127,27720,27840,120,40
D#,3,127,27960,28050,90,39
E,3,127,27960,28050,90,40
D#,3,127,28200,28320,120,39
E,3,127,28200,28320,120,40
E,3,127,28440,28560,120,40
D#,3,127,28440,28560,120,39
E,3,127,28680,28800,120,40
D#,3,127,28680,28800,120,39
D#,3,127,29160,29250,90,39
E,3,127,29160,29250,90,40
D#,3,127,29400,29490,90,39
E,3,127,29400,29490,90,40
D#,3,127,29640,29760,120,39
E,3,127,29640,29760,120,40
D#,3,127,29880,29970,90,39
E,3,127,29880,29970,90,40
D#,3,127,30120,30240,120,39
E,3,127,30120,30240,120,40
E,3,127,30360,30480,120,40
D#,3,127,30360,30480,120,39
E,3,127,30600,30720,120,40
D#,3,127,30600,30720,120,39
D#,3,127,31080,31170,90,39
E,3,127,31080,31170,90,40
D#,3,127,31320,31410,90,39
E,3,127,31320,31410,90,40
D#,3,127,31560,31680,120,39
E,3,127,31560,31680,120,40
D#,3,127,31800,31890,90,39
E,3,127,31800,31890,90,40
D#,3,127,32040,32160,120,39
E,3,127,32040,32160,120,40
E,3,127,32280,32400,120,40
D#,3,127,32280,32400,120,39
E,3,127,32520,32640,120,40
D#,3,127,32520,32640,120,39
D#,3,127,33000,33090,90,39
E,3,127,33000,33090,90,40
D#,3,127,33240,33330,90,39
E,3,127,33240,33330,90,40
D#,3,127,33480,33600,120,39
E,3,127,33480,33600,120,40
D#,3,127,33720,33810,90,39
E,3,127,33720,33810,90,40
D#,3,127,33960,34080,120,39
E,3,127,33960,34080,120,40
E,3,127,34200,34320,120,40
D#,3,127,34200,34320,120,39
E,3,127,34440,34560,120,40
D#,3,127,34440,34560,120,39
D#,3,127,34920,35010,90,39
E,3,127,34920,35010,90,40
D#,3,127,35160,35250,90,39
E,3,127,35160,35250,90,40
D#,3,127,35400,35520,120,39
E,3,127,35400,35520,120,40
D#,3,127,35640,35730,90,39
E,3,127,35640,35730,90,40
D#,3,127,35880,36000,120,39
E,3,127,35880,36000,120,40
E,3,127,36120,36240,120,40
D#,3,127,36120,36240,120,39
E,3,127,36360,36480,120,40
D#,3,127,36360,36480,120,39
D#,3,127,36840,36930,90,39
E,3,127,36840,36930,90,40
D#,3,127,37080,37170,90,39
E,3,127,37080,37170,90,40
D#,3,127,37320,37440,120,39
E,3,127,37320,37440,120,40
D#,3,127,37560,37650,90,39
E,3,127,37560,37650,90,40
D#,3,127,37800,37920,120,39
E,3,127,37800,37920,120,40
E,3,127,38040,38160,120,40
D#,3,127,38040,38160,120,39
E,3,127,38280,38400,120,40
D#,3,127,38280,38400,120,39
D#,3,127,38760,38850,90,39
E,3,127,38760,38850,90,40
D#,3,127,39000,39090,90,39
E,3,127,39000,39090,90,40
D#,3,127,39240,39360,120,39
E,3,127,39240,39360,120,40
D#,3,127,39480,39570,90,39
E,3,127,39480,39570,90,40
D#,3,127,39720,39840,120,39
E,3,127,39720,39840,120,40
E,3,127,39960,40080,120,40
D#,3,127,39960,40080,120,39
E,3,127,40200,40320,120,40
D#,3,127,40200,40320,120,39
D#,3,127,40680,40770,90,39
E,3,127,40680,40770,90,40
D#,3,127,40920,41010,90,39
E,3,127,40920,41010,90,40
D#,3,127,41160,41280,120,39
E,3,127,41160,41280,120,40
D#,3,127,41400,41490,90,39
E,3,127,41400,41490,90,40
D#,3,127,41640,41760,120,39
E,3,127,41640,41760,120,40
E,3,127,41880,42000,120,40
D#,3,127,41880,42000,120,39
E,3,127,42120,42240,120,40
D#,3,127,42120,42240,120,39
D#,3,127,42600,42690,90,39
E,3,127,42600,42690,90,40
D#,3,127,42840,42930,90,39
E,3,127,42840,42930,90,40
D#,3,127,43080,43200,120,39
E,3,127,43080,43200,120,40
D#,3,127,43320,43410,90,39
E,3,127,43320,43410,90,40
D#,3,127,43560,43680,120,39
E,3,127,43560,43680,120,40
E,3,127,43800,43920,120,40
D#,3,127,43800,43920,120,39
E,3,127,44040,44160,120,40
D#,3,127,44040,44160,120,39
D#,3,127,44520,44610,90,39
E,3,127,44520,44610,90,40
D#,3,127,44760,44850,90,39
E,3,127,44760,44850,90,40
D#,3,127,45000,45120,120,39
E,3,127,45000,45120,120,40
D#,3,127,45240,45330,90,39
E,3,127,45240,45330,90,40
D#,3,127,45480,45600,120,39
E,3,127,45480,45600,120,40
E,3,127,45720,45840,120,40
D#,3,127,45720,45840,120,39
E,3,127,45960,46080,120,40
D#,3,127,45960,46080,120,39
D#,3,127,46440,46530,90,39
E,3,127,46440,46530,90,40
D#,3,127,46680,46770,90,39
E,3,127,46680,46770,90,40
D#,3,127,46920,47040,120,39
E,3,127,46920,47040,120,40
D#,3,127,47160,47250,90,39
E,3,127,47160,47250,90,40
D#,3,127,47400,47520,120,39
E,3,127,47400,47520,120,40
E,3,127,47640,47760,120,40
D#,3,127,47640,47760,120,39
E,3,127,47880,48000,120,40
D#,3,127,47880,48000,120,39
D#,3,127,48360,48450,90,39
E,3,127,48360,48450,90,40
D#,3,120,48600,48690,90,39
E,3,120,48600,48690,90,40
D#,3,104,48840,48960,120,39
E,3,104,48840,48960,120,40
D#,3,88,49080,49170,90,39
E,3,88,49080,49170,90,40
D#,3,72,49320,49440,120,39
E,3,72,49320,49440,120,40
E,3,56,49560,49680,120,40
D#,3,56,49560,49680,120,39
E,3,40,49800,49920,120,40
D#,3,40,49800,49920,120,39
D#,3,8,50280,50370,90,39
E,3,8,50280,50370,90,40
C,3,127,690,720,30,36
C,3,127,930,960,30,36
C,3,127,1170,1200,30,36
C,3,127,1410,1440,30,36
C,3,127,1650,1680,30,36
C,3,127,1890,1920,30,36
C,3,127,2010,2040,30,36
C,3,127,2130,2160,30,36
C,3,127,2371,2392,21,36
C,3,127,2610,2640,30,36
C,3,127,2850,2880,30,36
C,3,127,3090,3120,30,36
C,3,127,3330,3360,30,36
C,3,127,3570,3600,30,36
C,3,127,3810,3840,30,36
C,3,127,3930,3960,30,36
C,3,127,4050,4080,30,36
C,3,127,4291,4312,21,36
C,3,127,4530,4560,30,36
C,3,127,4770,4800,30,36
C,3,127,5010,5040,30,36
C,3,127,5250,5280,30,36
C,3,127,5490,5520,30,36
C,3,127,5730,5760,30,36
C,3,127,5850,5880,30,36
C,3,127,5970,6000,30,36
C,3,127,6211,6232,21,36
C,3,127,6450,6480,30,36
C,3,127,6690,6720,30,36
C,3,127,6930,6960,30,36
C,3,127,7170,7200,30,36
C,3,127,7410,7440,30,36
C,3,127,7650,7680,30,36
C,3,127,7770,7800,30,36
C,3,127,7890,7920,30,36
C,3,127,8131,8152,21,36
C,3,127,8370,8400,30,36
C,3,127,8610,8640,30,36
C,3,127,8850,8880,30,36
C,3,127,9090,9120,30,36
C,3,127,9330,9360,30,36
C,3,127,9570,9600,30,36
C,3,127,9690,9720,30,36
C,3,127,9810,9840,30,36
C,3,127,10051,10072,21,36
C,3,127,10290,10320,30,36
C,3,127,10530,10560,30,36
C,3,127,10770,10800,30,36
C,3,127,11010,11040,30,36
C,3,127,11250,11280,30,36
C,3,127,11490,11520,30,36
C,3,127,11610,11640,30,36
C,3,127,11730,11760,30,36
C,3,127,11971,11992,21,36
C,3,127,12210,12240,30,36
C,3,127,12450,12480,30,36
C,3,127,12690,12720,30,36
C,3,127,12930,12960,30,36
C,3,127,13170,13200,30,36
C,3,127,13410,13440,30,36
C,3,127,13530,13560,30,36
C,3,127,13650,13680,30,36
C,3,127,13891,13912,21,36
C,3,127,14130,14160,30,36
C,3,127,14370,14400,30,36
C,3,127,14610,14640,30,36
C,3,127,14850,14880,30,36
C,3,127,15090,15120,30,36
C,3,127,15330,15360,30,36
C,3,127,15450,15480,30,36
C,3,127,15570,15600,30,36
C,3,127,15811,15832,21,36
C,3,127,16050,16080,30,36
C,3,127,16290,16320,30,36
C,3,127,16530,16560,30,36
C,3,127,16770,16800,30,36
C,3,127,17010,17040,30,36
C,3,127,17250,17280,30,36
C,3,127,17370,17400,30,36
C,3,127,17490,17520,30,36
C,3,127,17731,17752,21,36
C,3,127,17970,18000,30,36
C,3,127,18210,18240,30,36
C,3,127,18450,18480,30,36
C,3,127,18690,18720,30,36
C,3,127,18930,18960,30,36
C,3,127,19170,19200,30,36
C,3,127,19290,19320,30,36
C,3,127,19410,19440,30,36
C,3,127,19651,19672,21,36
C,3,127,19890,19920,30,36
C,3,127,20130,20160,30,36
C,3,127,20370,20400,30,36
C,3,127,20610,20640,30,36
C,3,127,20850,20880,30,36
C,3,127,21090,21120,30,36
C,3,127,21210,21240,30,36
C,3,127,21330,21360,30,36
C,3,127,21571,21592,21,36
C,3,127,21810,21840,30,36
C,3,127,22050,22080,30,36
C,3,127,22290,22320,30,36
C,3,127,22530,22560,30,36
C,3,127,22770,22800,30,36
C,3,127,23010,23040,30,36
C,3,127,23130,23160,30,36
C,3,127,23250,23280,30,36
C,3,127,23491,23512,21,36
C,3,127,23730,23760,30,36
C,3,127,23970,24000,30,36
C,3,127,24210,24240,30,36
C,3,127,24450,24480,30,36
C,3,127,24690,24720,30,36
C,3,127,24930,24960,30,36
C,3,127,25050,25080,30,36
C,3,127,25170,25200,30,36
C,3,127,25411,25432,21,36
C,3,127,25650,25680,30,36
C,3,127,25890,25920,30,36
C,3,127,26130,26160,30,36
C,3,127,26370,26400,30,36
C,3,127,26610,26640,30,36
C,3,127,26850,26880,30,36
C,3,127,26970,27000,30,36
C,3,127,27090,27120,30,36
C,3,127,27331,27352,21,36
C,3,127,27570,27600,30,36
C,3,127,27810,27840,30,36
C,3,127,28050,28080,30,36
C,3,127,28290,28320,30,36
C,3,127,28530,28560,30,36
C,3,127,28770,28800,30,36
C,3,127,28890,28920,30,36
C,3,127,29010,29040,30,36
C,3,127,29251,29272,21,36
C,3,127,29490,29520,30,36
C,3,127,29730,29760,30,36
C,3,127,29970,30000,30,36
C,3,127,30210,30240,30,36
C,3,127,30450,30480,30,36
C,3,127,30690,30720,30,36
C,3,127,30810,30840,30,36
C,3,127,30930,30960,30,36
C,3,127,31171,31192,21,36
C,3,127,31410,31440,30,36
C,3,127,31650,31680,30,36
C,3,127,31890,31920,30,36
C,3,127,32130,32160,30,36
C,3,127,32370,32400,30,36
C,3,127,32610,32640,30,36
C,3,127,32730,32760,30,36
C,3,127,32850,32880,30,36
C,3,127,33091,33112,21,36
C,3,127,33330,33360,30,36
C,3,127,33570,33600,30,36
C,3,127,33810,33840,30,36
C,3,127,34050,34080,30,36
C,3,127,34290,34320,30,36
C,3,127,34530,34560,30,36
C,3,127,34650,34680,30,36
C,3,127,34770,34800,30,36
C,3,127,35011,35032,21,36
C,3,127,35250,35280,30,36
C,3,127,35490,35520,30,36
C,3,127,35730,35760,30,36
C,3,127,35970,36000,30,36
C,3,127,36210,36240,30,36
C,3,127,36450,36480,30,36
C,3,127,36570,36600,30,36
C,3,127,36690,36720,30,36
C,3,127,36931,36952,21,36
C,3,127,37170,37200,30,36
C,3,127,37410,37440,30,36
C,3,127,37650,37680,30,36
C,3,127,37890,37920,30,36
C,3,127,38130,38160,30,36
C,3,127,38370,38400,30,36
C,3,127,38490,38520,30,36
C,3,127,38610,38640,30,36
C,3,127,38851,38872,21,36
C,3,127,39090,39120,30,36
C,3,127,39330,39360,30,36
C,3,127,39570,39600,30,36
C,3,127,39810,39840,30,36
C,3,127,40050,40080,30,36
C,3,127,40290,40320,30,36
C,3,127,40410,40440,30,36
C,3,127,40530,40560,30,36
C,3,127,40771,40792,21,36
C,3,127,41010,41040,30,36
C,3,127,41250,41280,30,36
C,3,127,41490,41520,30,36
C,3,127,41730,41760,30,36
C,3,127,41970,42000,30,36
C,3,127,42210,42240,30,36
C,3,127,42330,42360,30,36
C,3,127,42450,42480,30,36
C,3,127,42691,42712,21,36
C,3,127,42930,42960,30,36
C,3,127,43170,43200,30,36
C,3,127,43410,43440,30,36
C,3,127,43650,43680,30,36
C,3,127,43890,43920,30,36
C,3,127,44130,44160,30,36
C,3,127,44250,44280,30,36
C,3,127,44370,44400,30,36
C,3,127,44611,44632,21,36
C,3,127,44850,44880,30,36
C,3,127,45090,45120,30,36
C,3,127,45330,45360,30,36
C,3,127,45570,45600,30,36
C,3,127,45810,45840,30,36
C,3,127,46050,46080,30,36
C,3,127,46170,46200,30,36
C,3,127,46290,46320,30,36
C,3,127,46531,46552,21,36
C,3,127,46770,46800,30,36
C,3,127,47010,47040,30,36
C,3,127,47250,47280,30,36
C,3,127,47490,47520,30,36
C,3,127,47730,47760,30,36
C,3,127,47970,48000,30,36
C,3,127,48090,48120,30,36
C,3,127,48210,48240,30,36
C,3,127,48451,48472,21,36
C,3,114,48690,48720,30,36
C,3,98,48930,48960,30,36
C,3,82,49170,49200,30,36
C,3,66,49410,49440,30,36
C,3,51,49650,49680,30,36
C,3,35,49890,49920,30,36
C,3,27,50010,50040,30,36
C,3,19,50130,50160,30,36
C,3,3,50371,50392,21,36
A,5,82,15840,15870,30,69
B,5,82,16080,16110,30,71
B,5,82,16320,16350,30,71
C,6,82,16500,16530,30,72
A,5,82,16560,16590,30,69
E,5,82,16740,16770,30,64
C,6,82,16800,16830,30,72
A,5,82,17040,17070,30,69
E,5,82,17400,17430,30,64
A,5,82,17520,17550,30,69
A,5,82,17760,17790,30,69
B,5,82,18000,18030,30,71
B,5,82,18240,18270,30,71
D,6,82,18360,18390,30,74
C,6,82,18420,18450,30,72
A,5,82,18480,18510,30,69
E,5,82,18660,18690,30,64
C,6,82,18720,18750,30,72
A,5,82,18960,18990,30,69
G#,5,82,19200,19230,30,68
E,5,82,19320,19350,30,64
A,5,82,19440,19470,30,69
A,5,82,29280,29310,30,69
B,5,82,29520,29550,30,71
B,5,82,29760,29790,30,71
D,6,82,29880,29910,30,74
C,6,82,29940,29970,30,72
A,5,82,30000,30030,30,69
E,5,82,30180,30210,30,64
C,6,82,30240,30270,30,72
A,5,82,30480,30510,30,69
G#,5,82,30720,30750,30,68
E,5,82,30840,30870,30,64
A,5,82,30960,30990,30,69
A,5,82,31200,31230,30,69
B,5,82,31440,31470,30,71
B,5,82,31680,31710,30,71
D,6,82,31800,31830,30,74
C,6,82,31860,31890,30,72
A,5,82,31920,31950,30,69
E,5,82,32100,32130,30,64
C,6,82,32160,32190,30,72
A,5,82,32400,32430,30,69
G#,5,82,32640,32670,30,68
E,5,82,32760,32790,30,64
A,5,82,32880,32910,30,69
A,5,82,42720,42750,30,69
B,5,82,42960,42990,30,71
B,5,82,43200,43230,30,71
D,6,82,43320,43350,30,74
C,6,82,43380,43410,30,72
A,5,82,43440,43470,30,69
E,5,82,43620,43650,30,64
C,6,82,43680,43710,30,72
A,5,82,43920,43950,30,69
G#,5,82,44160,44190,30,68
E,5,82,44280,44310,30,64
A,5,82,44400,44430,30,69
A,5,82,44640,44670,30,69
B,5,82,44880,44910,30,71
B,5,82,45120,45150,30,71
D,6,82,45240,45270,30,74
C,6,82,45300,45330,30,72
A,5,82,45360,45390,30,69
E,5,82,45540,45570,30,64
C,6,82,45600,45630,30,72
A,5,82,45840,45870,30,69
G#,5,82,46080,46110,30,68
E,5,82,46200,46230,30,64
A,5,82,46320,46350,30,69
E,3,127,15720,15840,120,40
B,3,127,16320,16440,120,47
A,3,127,16560,16740,180,45
E,3,127,16740,16800,60,40
C,4,127,16800,17040,240,48
A,3,127,17040,17280,240,45
E,3,127,17400,17520,120,40
A,3,127,17520,17760,240,45
A,3,127,17760,18000,240,45
B,3,127,18000,18240,240,47
B,3,127,18240,18360,120,47
D,4,127,18360,18420,60,50
C,4,127,18420,18480,60,48
A,3,127,18480,18660,180,45
E,3,127,18660,18720,60,40
C,4,127,18720,18960,240,48
A,3,127,18960,19200,240,45
G#,3,127,19200,19320,120,44
E,3,127,19320,19440,120,40
A,3,127,19440,19650,210,45
E,3,127,29160,29280,120,40
A,3,127,29280,29520,240,45
B,3,127,29520,29760,240,47
B,3,127,29760,29880,120,47
D,4,127,29880,29940,60,50
C,4,127,29940,30000,60,48
A,3,127,30000,30180,180,45
E,3,127,30180,30240,60,40
C,4,127,30240,30480,240,48
A,3,127,30480,30720,240,45
G#,3,127,30720,30840,120,44
E,3,127,30840,30960,120,40
A,3,127,30960,31200,240,45
A,3,127,31200,31440,240,45
B,3,127,31440,31680,240,47
B,3,127,31680,31800,120,47
D,4,127,31800,31860,60,50
C,4,127,31860,31920,60,48
A,3,127,31920,32100,180,45
E,3,127,32100,32160,60,40
C,4,127,32160,32400,240,48
A,3,127,32400,32640,240,45
G#,3,127,32640,32760,120,44
E,3,127,32760,32880,120,40
A,3,127,32880,33090,210,45
E,3,127,42600,42720,120,40
A,3,127,42720,42960,240,45
B,3,127,42960,43200,240,47
B,3,127,43200,43320,120,47
D,4,127,43320,43380,60,50
C,4,127,43380,43440,60,48
A,3,127,43440,43620,180,45
E,3,127,43620,43680,60,40
C,4,127,43680,43920,240,48
A,3,127,43920,44160,240,45
G#,3,127,44160,44280,120,44
E,3,127,44280,44400,120,40
A,3,127,44400,44640,240,45
A,3,127,44640,44880,240,45
B,3,127,44880,45120,240,47
B,3,127,45120,45240,120,47
D,4,127,45240,45300,60,50
C,4,127,45300,45360,60,48
A,3,127,45360,45540,180,45
E,3,127,45540,45600,60,40
C,4,127,45600,45840,240,48
A,3,127,45840,46080,240,45
G#,3,127,46080,46200,120,44
E,3,127,46200,46320,120,40
A,3,127,46320,46530,210,45